순위,서명,저자,출판사,출판년도,권,ISBN,ISBN부가기호,KDC,대출건수
1,(추리 천재) 엉덩이 탐정,트롤 글·그림 ;김정화 옮김,미래엔,2016,9,9.79116E+12,74830,833.6,"1,444"
2,아몬드손원평 장편소설,손원평,창비,2017,,9.78894E+12,3810,813.7,"1,428"
3,여행의 이유 :김영하 산문 ,지은이: 김영하,문학동네,2019,,9.78895E+12,3810,816.62,"1,420"
4,선량한 차별주의자 ,김지혜 지음,창비,2019,,9.78894E+12,3300,334,"1,364"
5,우리가 빛의 속도로 갈 수 없다면 :김초엽 소설 ,지은이: 김초엽,허블,2019,,9.79119E+12,3810,813.7,"1,335"
6,나미야 잡화점의 기적 :히가시노 게이고 장편소설 ,지은이: 히가시노 게이고 ;옮긴이: 양윤옥,현대문학,2012,,9.78897E+12,3830,833.6,"1,315"
7,나는 나로 살기로 했다 :냉담한 현실에서 어른살이를 위한 to do list ,글·그림: 김수현,마음의숲,2016,,9.79119E+12,3810,818,"1,297"
8,(추리 천재) 엉덩이 탐정,트롤 글·그림 ;김정화 옮김,미래엔,2016,8,9.79116E+12,74830,833.6,"1,242"
9,수박 수영장 :안녕달 그림책 ,지은이: 안녕달,창비,2015,,9.78894E+12,77810,813.7,"1,220"
10,(설민석의) 한국사 대모험,"글: 설민석,그림: 정현희",휴먼큐브,2017,1,9.7912E+12,74910,911,"1,212"
11,흔한남매,원작: 흔한남매 ;그림: 유난희,미래엔,2019,3,9.79116E+12,77810,810,"1,210"
12,흔한남매,원작: 흔한남매 ;그림: 유난희,미래엔,2019,1,9.79116E+12,77810,810,"1,202"
13,흔한남매,원작: 흔한남매 ;그림: 유난희,미래엔,2019,2,9.79116E+12,77810,810,"1,194"
14,(추리 천재) 엉덩이 탐정,트롤 글·그림 ;김정화 옮김,미래엔,2016,7,9.79116E+12,74830,833.6,"1,176"
15,(설민석의) 한국사 대모험,"글: 설민석,그림: 정현희",휴먼큐브,2017,12,9.79119E+12,74910,911,"1,156"
16,녹나무의 파수꾼 =The camphorwood custodian ,저자: 히가시노 게이고 ;옮긴이: 양윤옥,소미미디어,2020,,9.79117E+12,3830,833.6,"1,140"
17,돌이킬 수 없는 약속 :야쿠마루 가쿠 장편소설 ,저자: 야쿠마루 가쿠 ;옮긴이: 김성미,Book plaza(북플라자),2017,,9.789E+12,3830,833.6,"1,125"
18,(설민석의) 한국사 대모험,"글: 설민석,그림: 정현희",휴먼큐브,2017,2,9.7912E+12,74910,911,"1,100"
19,추리 천재 엉덩이 탐정 5 - 유적에서 날아온 SOS 사건,트롤,아이세움,2017,5,9.79116E+12,74830,833.8,"1,098"
19,(이상한 과자 가게) 전천당,히로시마 레이코 글 ;김정화 옮김,길벗스쿨,2019,1,9.79116E+12,74830,833.6,"1,098"
21,더 해빙 =부와 행운을 끌어당기는 힘 /The having ,"이서윤,홍주연 지음",수오서재,2020,,9.79119E+12,3320,325.2113,"1,091"
22,(이상한 과자 가게) 전천당,히로시마 레이코 글 ;김정화 옮김,길벗스쿨,2019,3,9.79116E+12,74830,833.6,"1,075"
23,(이상한 과자 가게) 전천당,히로시마 레이코 글 ;김정화 옮김,길벗스쿨,2019,2,9.79116E+12,74830,833.6,"1,065"
24,소년이 온다 :한강 장편소설 ,지은이: 한강,창비,2014,,9.78894E+12,3810,813.62,"1,062"
25,(추리 천재) 엉덩이 탐정,트롤 글·그림 ;김정화 옮김,미래엔,2016,4,9.78894E+12,74830,833.6,"1,058"
25,(추리 천재) 엉덩이 탐정,트롤 글·그림 ;김정화 옮김,미래엔,2016,6,9.79116E+12,74830,833.6,"1,058"
27,(이상한 과자 가게) 전천당,히로시마 레이코 글 ;김정화 옮김,길벗스쿨,2019,4,9.79116E+12,74830,833.6,"1,052"
28,(설민석의) 한국사 대모험,"글: 설민석,그림: 정현희",휴먼큐브,2017,3,9.7912E+12,74910,911,"1,050"
29,"사피엔스 :유인원에서 사이보그까지, 인간 역사의 대담하고 위대한 질문 ",지은이: 유발 하라리 ;옮긴이: 조현욱,김영사,2015,,9.78893E+12,3900,909,"1,047"
30,(추리 천재) 엉덩이 탐정,트롤 글·그림 ;김정화 옮김,미래엔,2016,2,9.78894E+12,74830,833.6,"1,041"
31,(설민석의) 한국사 대모험,"글: 설민석,그림: 정현희",휴먼큐브,2017,10,9.79119E+12,74910,911,"1,038"
32,당신이 옳다 :정혜신의 적정심리학 ,지은이: 정혜신,해냄,2018,,9.78897E+12,3180,189,"1,037"
33,(추리 천재) 엉덩이 탐정,트롤 글·그림 ;김정화 옮김,미래엔,2016,3,9.78894E+12,74830,833.6,"1,032"
33,(설민석의) 한국사 대모험,"글: 설민석,그림: 정현희",휴먼큐브,2017,9,9.79119E+12,74910,911,"1,032"
35,(추리 천재) 엉덩이 탐정,트롤 글·그림 ;김정화 옮김,미래엔,2016,1,9.78894E+12,74830,833.6,"1,028"
36,(설민석의) 한국사 대모험,"글: 설민석,그림: 정현희",휴먼큐브,2017,5,9.7912E+12,74910,911,"1,025"
37,82년생 김지영 :조남주 장편소설 ,지은이: 조남주,민음사,2016,,9.78894E+12,4810,813.7,"1,020"
38,(설민석의) 한국사 대모험,"글: 설민석,그림: 정현희",휴먼큐브,2017,11,9.79119E+12,74910,911,"1,015"
39,(설민석의) 한국사 대모험,"글: 설민석,그림: 정현희",휴먼큐브,2017,4,9.7912E+12,74910,911,995
40,(이상한 과자 가게) 전천당,히로시마 레이코 글 ;김정화 옮김,길벗스쿨,2019,6,9.79116E+12,74830,833.6,986
41,체리새우 :황영미 장편소설 ,지은이: 황영미,문학동네,2019,,9.78895E+12,3810,813.7,985
42,(이상한 과자 가게) 전천당,히로시마 레이코 글 ;김정화 옮김,길벗스쿨,2019,5,9.79116E+12,74830,833.6,983
43,(설민석의) 한국사 대모험,"글: 설민석,그림: 정현희",휴먼큐브,2017,8,9.79119E+12,74910,911,980
44,(설민석의) 한국사 대모험,"글: 설민석,그림: 정현희",휴먼큐브,2017,7,9.79119E+12,74910,911,961
45,설민석의 세계사 대모험,"글: 설민석,그림: 박성일",단꿈아이,2019,4,9.7912E+12,77900,909,956
46,흔한남매,원작: 흔한남매 ;그림: 유난희,미래엔,2019,4,9.79116E+12,77810,810,942
47,(설민석의) 한국사 대모험,"글: 설민석,그림: 정현희",휴먼큐브,2017,6,9.79119E+12,74910,911,938
48,설민석의 세계사 대모험,"글: 설민석,그림: 박성일",단꿈아이,2019,1,9.79119E+12,77900,909,919
49,아홉 살 마음 사전 ,박성우 글 ;김효은 그림,창비,2017,,9.78894E+12,73710,181,917
50,일의 기쁨과 슬픔 :장류진 소설집 ,지은이: 장류진,창비,2019,,9.78894E+12,3810,813.7,913
51,(설민석의) 한국사 대모험,"글: 설민석,그림: 정현희",휴먼큐브,2017,13,9.79117E+12,74910,911,911
52,1cm 다이빙 ,"지은이: 장태수,조문정",Fika(피카),2020,,9.79119E+12,3810,818,908
53,"(간단함, 병맛, 솔직함으로 기업의 흥망성쇠를 좌우하는) 90년생이 온다 ",임홍택 지음,Whale Books(웨일북),2018,,9.79119E+12,3320,325.3,907
54,페인트 :이희영 장편소설 ,지은이: 이희영,창비,2019,,9.78894E+12,43810,813.7,902
55,설민석의 세계사 대모험,"글: 설민석,그림: 박성일",단꿈아이,2019,3,9.79119E+12,77900,909,891
56,(설민석의) 삼국지 :누구나 쉽게 시작하고 모두가 빠져드는 이야기 ,지은이: 설민석,세계사,2019,1,9.78893E+12,4000,823.5,890
57,공부머리 독서법 :실현 가능하고 지속 가능한 독서교육의 모든 것 ,최승필 지음,책구루,2018,,9.7912E+12,3370,29.8,878
58,팩트풀니스 :우리가 세상을 오해하는 10가지 이유와 세상이 생각보다 괜찮은 이유 ,"지은이: 한스 로슬링,옮긴이: 이창신",김영사,2019,,9.78893E+12,3300,331.1,877
59,봉제인형 살인사건 :다니엘 콜 장편소설 ,저자: 다니엘 콜 ;옮긴이: 유혜인,Book plaza(북플라자),2017,,9.789E+12,3840,843.6,876
60,에이트 =인공지능에 대체되지 않는 나를 만드는 법 /Eight ,이지성 지음,차이정원,2019,,9.79119E+12,3320,331.5412,874
61,언어의 온도 :말과 글에는 나름의 따뜻함과 차가움이 있다 ,지은이: 이기주,말글터,2016,,9.7912E+12,3810,818,869
62,내가 원하는 것을 나도 모를 때 :잃어버린 나를 찾는 인생의 문장들 ,전승환 지음,다산북스,2020,,9.79113E+12,3810,818,864
63,존리의 부자되기 습관 :대한민국 경제독립 액션 플랜 ,존리 지음,지식노마드,2020,,9.79119E+12,13320,327.04,859
64,설민석의 세계사 대모험,"글: 설민석,그림: 박성일",단꿈드림,2019,2,9.79119E+12,77900,909,845
65,설민석의 조선왕조실록 :대한민국이 선택한 역사 이야기 ,지은이: 설민석,세계사,2016,,9.78893E+12,3910,911.052,840
66,오래 준비해온 대답 :김영하의 시칠리아 ,글·사진: 김영하,복복서가,2020,,9.7912E+12,3810,816.62,803
67,역사의 쓸모 :자유롭고 떳떳한 삶을 위한 22가지 통찰 ,최태성 지음,다산북스,2019,,9.79113E+12,3900,904,799
68,날씨가 좋으면 찾아가겠어요 :이도우 장편소설 ,지은이: 이도우,시공사,2018,,9.78895E+12,4810,813.7,790
69,"지리의 힘 :지리는 어떻게 개인의 운명을, 세계사를, 세계 경제를 좌우하는가 ",지은이: 팀 마샬 ;옮긴이: 김미선,사이,2016,,9.78899E+12,3300,340.98,786
70,작가들의 비밀스러운 삶 :기욤 뮈소 장편소설 ,지은이: 기욤 뮈소 ;옮긴이: 양영란,밝은세상,2019,,9.78898E+12,,863,775
71,마법천자문 :손오공의 한자 대탐험,"저자: 스튜디오시리얼,정수영",아울북,2005,46,9.78895E+12,77720,711.4,773
72,117층 나무 집 ,앤디 그리피스 글 ;신수진 옮김,시공사,2020,,9.78895E+12,74840,843,772
73,Go go 카카오 프렌즈 :세계 역사 문화 체험 학습만화,글: 김미영 ;그림: 김정한,북이십일,2018,12,9.78895E+12,74900,980.2,771
74,시간을 파는 상점 :김선영 장편소설 ,지은이: 김선영,자음과모음,2012,,9.78895E+12,43810,813.7,765
75,아주 작은 습관의 힘 :최고의 변화는 어떻게 만들어지는가 ,제임스 클리어 지음 ;이한이 옮김,비즈니스북스,2019,,9.79116E+12,3190,181.845,763
76,(정재승의) 인간 탐구 보고서,"글: 정재은,그림: 김현민",북이십일,2019,2,9.78895E+12,74400,511,762
77,Go go 카카오 프렌즈 :세계 역사 문화 체험 학습만화,글: 김미영 ;그림: 김정한,북이십일,2018,7,9.78895E+12,74900,980.2,760
78,할머니의 여름휴가,안녕달,창비,2016,,9.78894E+12,77810,813.8,755
79,먼 바다 :공지영 장편소설 ,지은이: 공지영,해냄,2020,,9.78897E+12,3810,813.62,748
80,방구석 미술관 :가볍고 편하게 시작하는 유쾌한 교양 미술 ,조원재 지음,백도씨,2018,,9.78897E+12,3600,650.4,746
81,천년의 질문 :조정래 장편소설 ,저자: 조정래,해냄,2019,1,9.78897E+12,4810,813.62,743
82,Go go 카카오 프렌즈 :세계 역사 문화 체험 학습만화,글: 김미영 ;그림: 김정한,북이십일,2018,11,9.78895E+12,74900,980.2,737
83,Go go 카카오 프렌즈 :세계 역사 문화 체험 학습만화,글: 김미영 ;그림: 김정한,북이십일,2018,10,9.78895E+12,74900,980.2,736
84,타인의 해석 :당신이 모르는 사람을 만났을 때 ,저자: 말콤 글래드웰 ;역자: 유강은,김영사,2020,,9.78893E+12,3190,331.18,732
85,Go go 카카오 프렌즈 :세계 역사 문화 체험 학습만화,글: 김미영 ;그림: 김정한,북이십일,2018,8,9.78895E+12,74900,980.2,729
86,목소리를 드릴게요 :정세랑 소설집 ,지은이: 정세랑,아작,2020,,9.79117E+12,3810,813.7,728
87,고양이 해결사 깜냥,홍민정 동화 ;김재희 그림,창비,2020,1,9.78894E+12,74810,813.7,726
88,알사탕 ,백희나,책읽는곰,2017,,9.79116E+12,77810,813.7,724
89,마법천자문 :손오공의 한자 대탐험,"저자: 스튜디오시리얼,정수영",아울북,2005,45,9.78895E+12,77720,711.4,723
90,하마터면 열심히 살 뻔했다 :야매 득도 에세이 ,하완 지음,웅진씽크빅,2018,,9.7889E+12,3810,818,720
91,Go go 카카오 프렌즈 :세계 역사 문화 체험 학습만화,글: 김미영 ;그림: 김정한,북이십일,2018,9,9.78895E+12,74900,980.2,717
91,죽고 싶지만 떡볶이는 먹고 싶어 :백세희 에세이 ,지은이: 백세희,흔,2018,,9.7912E+12,3810,818,717
93,채식주의자:한강 연작소설,한강,창비,2007,,9.78894E+12,3810,813.6,716
94,지구에서 한아뿐 :정세랑 장편소설 ,지은이: 정세랑,난다,2019,,9.79119E+12,3810,813.7,711
95,마법천자문 :손오공의 한자 대탐험,"저자: 스튜디오시리얼,정수영",아울북,2005,47,9.78895E+12,77720,711.4,707
96,Go go 카카오 프렌즈 :세계 역사 문화 체험 학습만화,글: 김미영 ;그림: 김정한,북이십일,2018,6,9.78895E+12,74900,980.2,705
97,(설민석의) 삼국지 :누구나 쉽게 시작하고 모두가 빠져드는 이야기 ,지은이: 설민석,세계사,2019,2,9.78893E+12,4000,823.5,701
97,Go go 카카오 프렌즈 :세계 역사 문화 체험 학습만화,글: 김미영 ;그림: 김정한,북이십일,2018,4,9.78895E+12,74900,980.2,701
97,Go go 카카오 프렌즈 :세계 역사 문화 체험 학습만화,글: 김미영 ;그림: 김정한,북이십일,2018,5,9.78895E+12,74900,980.2,701
100,장수탕 선녀님 ,지은이: 백희나,책읽는곰,2012,,9.78899E+12,77810,813.7,698
101,(정재승의) 인간 탐구 보고서,"글: 정재은,그림: 김현민",북이십일,2019,1,9.78895E+12,74400,511,697
102,Go go 카카오 프렌즈 :세계 역사 문화 체험 학습만화,글: 김미영 ;그림: 김정한,북이십일,2018,3,9.78895E+12,74900,980.2,691
102,설민석의 세계사 대모험,"글: 설민석,그림: 박성일",단꿈아이,2019,5,9.7912E+12,77900,909,691
104,마법천자문 :손오공의 한자 대탐험,"저자: 스튜디오시리얼,정수영",아울북,2005,44,9.78895E+12,77720,711.4,690
105,하버드 상위 1퍼센트의 비밀 :신호를 차단하고 깊이 몰입하라 ,정주영 지음,한경BP,2018,,9.78895E+12,3320,325.211,687
105,놓지 마 과학!,"글·그림: 신태훈,나승훈",위즈덤하우스 미디어그룹,2016,1,9.78896E+12,67400,408,687
107,이 한마디가 나를 살렸다 :100번 넘어져도 101번 일으켜 세워준 김미경의 말 ,김미경 지음,21세기북스,2020,,9.78895E+12,3320,325.211,686
108,"진이, 지니 :정유정 장편소설 ",지은이: 정유정,은행나무,2019,,9.79119E+12,3810,813.7,685
109,Go go 카카오 프렌즈 :세계 역사 문화 체험 학습만화,글: 김미영 ;그림: 김정한,북이십일,2018,1,9.78895E+12,74900,980.2,684
110,내일은 실험왕 :본격 대결 과학실험 만화,"글: 곰돌이 co. ,그림: 홍종현",미래엔,2011,47,9.79116E+12,77400,400,679
111,이게 정말 마음일까? ,요시타케 신스케 글·그림 ;양지연 옮김,김영사,2020,,9.78893E+12,77830,833.6,674
112,만복이네 떡집 ,김리리 글 ;이승현 그림,비룡소,2010,354,9.78895E+12,74800,813.7,672
112,놓지 마 과학!,"글·그림: 신태훈,나승훈",위즈덤하우스 미디어그룹,2016,11,9.79119E+12,67400,408,672
114,꽝 없는 뽑기 기계 ,곽유진 글 ;차상미 그림,비룡소,2020,,9.78895E+12,74800,813.7,671
115,마법의 설탕 두 조각,미카엘 엔데 글;유혜자 옮김,한길사,2001,,9.78894E+12,74850,853,666
116,루팡의 딸 =Daughter of Lupin ,저자: 요코제키 다이 ;옮긴이: 최재호,Book Plaza(북플라자),2019,,9.789E+12,3830,833.6,665
117,바깥은 여름 :김애란 소설 ,지은이: 김애란,문학동네,2017,,9.78895E+12,3810,813.7,661
118,쇼코의 미소 :최은영 소설 ,지은이: 최은영,문학동네,2016,,9.78895E+12,3810,813.7,660
119,놓지 마 과학!,"글·그림: 신태훈,나승훈",위즈덤하우스 미디어그룹,2016,2,9.78896E+12,67400,408,657
120,천년의 질문 :조정래 장편소설 ,저자: 조정래,해냄,2019,3,9.78897E+12,4810,813.62,655
121,마법천자문 :손오공의 한자 대탐험,"저자: 스튜디오시리얼,정수영",아울북,2005,43,9.78895E+12,77720,711.4,654
121,놓지 마 과학!,"글·그림: 신태훈,나승훈",위즈덤하우스 미디어그룹,2016,3,9.78896E+12,67400,408,654
123,(흔한남매) 안 흔한 일기,흔한남매 원작 ;조병주 그림,미래엔,2020,1,9.79116E+12,74810,816.7,648
124,마법천자문 :손오공의 한자 대탐험,"저자: 스튜디오시리얼,정수영",아울북,2005,42,9.78895E+12,77720,711.4,646
125,놓지 마 과학!,"글·그림: 신태훈,나승훈",위즈덤하우스 미디어그룹,2016,6,9.79116E+12,67400,408,645
126,놓지 마 과학!,"글·그림: 신태훈,나승훈",위즈덤하우스 미디어그룹,2016,12,9.79119E+12,67400,408,644
127,Go go 카카오 프렌즈 :세계 역사 문화 체험 학습만화,글: 김미영 ;그림: 김정한,북이십일,2018,2,9.78895E+12,74900,980.2,643
127,천년의 질문 :조정래 장편소설 ,저자: 조정래,해냄,2019,2,9.78897E+12,4810,813.62,643
127,놓지 마 과학!,"글·그림: 신태훈,나승훈",위즈덤하우스 미디어그룹,2016,8,9.79116E+12,67400,408,643
130,직지 :김진명 장편소설 ,지은이: 김진명,쌤앤파커스,2019,1,9.78897E+12,4810,813.62,642
130,아주 무서운 날 ,탕무니우 글·그림 ;홍연숙 옮김,찰리북,2014,,9.78899E+12,77820,823.7,642
132,언컨택트 =더 많은 연결을 위한 새로운 시대 진화 코드 /Uncontact ,김용섭 지음,퍼블리온,2020,,9.7912E+12,3320,331.5414,640
133,감기 걸린 물고기 :박정섭 그림책 ,글·그림: 박정섭,사계절,2016,,9.78896E+12,77810,813.7,636
133,지쳤거나 좋아하는 게 없거나 ,글배우 지음,강한별,2019,,9.7912E+12,3810,818,636
135,놓지 마 과학!,"글·그림: 신태훈,나승훈",위즈덤하우스 미디어그룹,2016,10,9.79119E+12,67400,408,632
136,내일은 실험왕 :본격 대결 과학실험 만화,"글: 곰돌이 co. ,그림: 홍종현",미래엔,2011,48,9.79116E+12,77400,400,631
137,인어가 잠든 집 ,지은이: 히가시노 게이고 ;옮긴이: 김난주,재인,2019,,9.78899E+12,3830,833.6,630
138,바삭바삭 갈매기 ,전민걸 글·그림,한림출판사,2014,,9.78897E+12,77810,813.7,628
138,놓지 마 과학! 7 - 정신이 모험에 정신 놓다,신태훈|나승훈,위즈덤하우스,2018,7,9.79116E+12,67400,400,628
140,이상한 엄마 ,백희나,책읽는곰,2016,,9.79116E+12,77810,813.7,626
141,열두 발자국 ,지은이: 정재승,어크로스,2018,,9.79116E+12,3400,404,625
142,놓지 마 과학!,"글·그림: 신태훈,나승훈",위즈덤하우스 미디어그룹,2016,5,9.78896E+12,67400,408,624
143,나는 나의 주인 ,채인선 글 ;안은진 그림,토토북,2010,,9.78896E+12,73190,189,622
144,아홉 명의 완벽한 타인들 ,지은이: 리안 모리아티 ;옮긴이: 김소정,한국경제신문 한경BP,2019,,9.78895E+12,3840,843.6,620
144,놓지 마 과학!,"글·그림: 신태훈,나승훈",위즈덤하우스 미디어그룹,2016,4,9.78896E+12,67400,408,620
146,직지 :김진명 장편소설 ,지은이: 김진명,쌤앤파커스,2019,2,9.78897E+12,4810,813.62,614
147,마법천자문 :손오공의 한자 대탐험,"저자: 스튜디오시리얼,정수영",아울북,2005,41,9.78895E+12,77720,711.4,612
148,내일은 실험왕 :본격 대결 과학실험 만화,"글: 곰돌이 co. ,그림: 홍종현",미래엔,2011,46,9.79116E+12,77400,400,611
149,미움받을 용기 :자유롭고 행복한 삶을 위한 아들러의 가르침 ,"기시미 이치로,전경아 옮김",인플루엔셜,2014,,9.789E+12,13180,189.2,607
150,십 년 가게,히로시마 레이코 글 ;이소담 옮김,위즈덤하우스 미디어그룹,2020,1,9.79119E+12,74830,833.6,606
151,"총, 균, 쇠 :무기, 병균, 금속 은 인류 의 운명 을 어떻게 바꿨는가 ",재레드 다이아몬드 지음 ;김진준 옮김,문학사상,2012,,9.78897E+12,3900,389,604
152,틀려도 괜찮아,마키타 신지 글;유문조 옮김,토토북,2006,,9.78899E+12,77830,833.6,602
153,죽음 :베르나르 베르베르 장편소설 ,지은이: 베르나르 베르베르 ;옮긴이: 전미연,열린책들,2019,1,9.78893E+12,4860,863,601
153,부의 인문학 :슈퍼리치의 서재에서 찾아낸 부자의 길 ,브라운스톤 지음,Openmind(오픈마인드),2019,,9.789E+12,3320,327.04,601
153,이상한 손님 ,백희나,책읽는곰,2018,,9.79116E+12,77810,813.7,601
156,"배움의 발견 :나의 특별한 가족, 교육, 그리고 자유의 이야기 ",타라 웨스트오버 지음 ;김희정 옮김,열린책들,2020,,9.78893E+12,3840,230.99,599
156,(정재승의) 인간 탐구 보고서,"글: 정재은,그림: 김현민",북이십일,2019,3,9.78895E+12,74400,511,599
156,놓지 마 과학!,"글·그림: 신태훈,나승훈",위즈덤하우스 미디어그룹,2016,13,9.79119E+12,67400,408,599
159,내일의 부 =세상에서 가장 빨리 99.9% 부자 되는 법! /Rich of tomorrow ,김장섭 지음,트러스트북스,2020,1,9.79119E+12,3320,327.04,597
160,피프티 피플 :정세랑 장편소설 ,지은이: 정세랑,창비,2016,,9.78894E+12,3810,813.7,596
160,104층 나무 집 ,앤디 그리피스 글 ;신수진 옮김,시공사,2019,,9.78895E+12,74840,843,596
162,나는 개다 ,백희나,책읽는곰,2019,,9.79116E+12,77810,813.7,589
163,Go go 카카오 프렌즈 :세계 역사 문화 체험 학습만화,글: 김미영 ;그림: 김정한,북이십일,2018,13,9.78895E+12,74900,980.2,586
164,포노 사피엔스 =스마트폰이 낳은 신인류 /Phono sapiens ,최재붕 지음,쌤앤파커스,2019,,9.78897E+12,3320,331.5412,584
165,놓지 마 과학!,"글·그림: 신태훈,나승훈",위즈덤하우스 미디어그룹,2016,9,9.79116E+12,67400,408,579
166,책 먹는 여우 ,프란치스카 비어만 지음 ;김경연 옮김,김영사,2001,,9.78893E+12,73850,853,575
166,(설민석의) 통일 대모험 ,"글: 설민석,그림: 원프로",휴먼큐브,2018,1,9.79119E+12,74910,911,575
168,위저드 베이커리 =구병모 장편소설 /Wizard bakery ,지은이: 구병모,창비,2009,,9.78894E+12,3810,813.7,573
169,내게 무해한 사람 :최은영 소설 ,지은이: 최은영,문학동네,2018,,9.78895E+12,3810,813.7,570
170,가재가 노래하는 곳 :델리아 오언스 장편소설 ,지은이: 델리아 오언스 ;옮긴이: 김선형,살림출판사,2019,,9.78895E+12,3840,843.6,569
171,마법천자문 :손오공의 한자 대탐험,"저자: 스튜디오시리얼,정수영",아울북,2005,35,9.78895E+12,77720,711.4,568
171,오늘 밤은 굶고 자야지 :박상영 에세이 ,지은이: 박상영 ;그린이: 윤수훈,한겨레출판,2020,,9.79116E+12,3810,814.7,568
173,(한밤중) 달빛 식당 ,이분희 글 ;윤태규 그림,비룡소,2018,265,9.78895E+12,74800,813.7,567
174,내일은 실험왕 :본격 대결 과학실험 만화,"글: 곰돌이 co. ,그림: 홍종현",미래엔,2011,45,9.79116E+12,77400,400,565
175,밤은 이야기하기 좋은 시간이니까요 :이도우 산문집 ,지은이: 이도우,위즈덤하우스 미디어그룹,2020,,9.79119E+12,3810,814.7,562
176,(내 멋대로) 친구 뽑기 ,최은옥 글 ;김무연 그림,김영사,2016,,9.78893E+12,73810,813.7,558
177,마법천자문 :손오공의 한자 대탐험,"저자: 스튜디오시리얼,정수영",아울북,2005,40,9.78895E+12,77720,711.4,557
178,어둠의 눈 :딘 쿤츠 장편소설 ,지은이: 딘 쿤츠 ;옮긴이: 심연희,다산북스,2020,,9.79113E+12,3840,843.6,556
179,영어책 읽기의 힘 =영어가 유창한 아이들의 비밀 /The power of reading books in English ,고광윤 지음,길벗,2020,,9.79117E+12,3740,374.74,553
180,엄마 자판기 ,글·그림: 조경희,노란돼지,2019,,9.79116E+12,77810,813.7,552
180,(코믹 메이플스토리) 수학도둑 :지식·능력·경험을 융합하여 정리하는 No.1 수학학습만화,글: 송도수 ;그림: 서정 엔터테인먼트,서울문화사,2018-2020,74,9.79116E+12,67410,410,552
182,"자존감 수업 :하루에 하나, 나를 사랑하게 되는 자존감 회복 훈련 ",윤홍균 지음,심플라이프,2016,,9.79119E+12,3190,182.1,549
183,마법천자문 :손오공의 한자 대탐험,"저자: 스튜디오시리얼,정수영",아울북,2005,38,9.78895E+12,77720,711.4,548
184,죽음 :베르나르 베르베르 장편소설 ,지은이: 베르나르 베르베르 ;옮긴이: 전미연,열린책들,2019,2,9.78893E+12,4860,863,547
185,"걷는 사람, 하정우 ",글·사진: 하정우,문학동네,2018,,9.78895E+12,3810,818,546
186,마법천자문 :손오공의 한자 대탐험,"저자: 스튜디오시리얼,정수영",아울북,2005,37,9.78895E+12,77720,711.4,542
187,건방이의 건방진 수련기,천효정 글 ;강경수 그림,비룡소,2015-2018,2,9.78895E+12,74800,813.7,541
187,(흥분하지 않고 우아하게 리드하는) 말센스 ,셀레스트 헤들리 지음 ;김성환 옮김,스몰빅미디어,2019,,9.79119E+12,3190,802.56,541
189,추리 천재 엉덩이 탐정과 카레 사건 ,트롤 글·그림 ;김정화 옮김,미래엔,2019,,9.79116E+12,74830,833.6,540
190,바다 100층짜리 집 ,글·그림: 이와이 도시오 ;옮김: 김숙,북뱅크,2014,,9.78897E+12,74830,833.6,539
191,마법천자문 :손오공의 한자 대탐험,"저자: 스튜디오시리얼,정수영",아울북,2005,39,9.78895E+12,77720,711.4,538
192,부의 추월차선 :부자들이 말해 주지 않는 진정한 부를 얻는 방법 ,엠제이 드마코 지음 ;신소영 옮김,북새통,2013,,9.78899E+12,13320,327.04,537
192,진짜 부자 가짜 부자 =사경인 회계사의 부자 되는 돈 공부 /Real rich poor rich ,사경인 지음,시크릿하우스,2020,,9.79119E+12,3320,327.04,537
194,7년 동안의 잠 :박완서 그림동화 ,글: 박완서 ;그림: 김세현,작가정신,2015,,9.78897E+12,74810,813.6,535
194,지금 이대로 좋다 ,법륜 지음 ;박정은 그림,정토출판,2019,,9.79119E+12,3810,199.1,535
196,건방이의 건방진 수련기,천효정 글 ;강경수 그림,비룡소,2015-2018,3,9.78895E+12,74800,813.7,533
196,마법천자문 :손오공의 한자 대탐험,"저자: 스튜디오시리얼,정수영",아울북,2005,36,9.78895E+12,77720,711.4,533
196,(코믹 메이플스토리) 수학도둑 :지식·능력·경험을 융합하여 정리하는 No.1 수학학습만화,글: 송도수 ;그림: 서정 엔터테인먼트,서울문화사,2018-2020,72,9.79116E+12,67410,410,533
199,종의 기원 =정유정 장편소설 /The origin of species ,지은이: 정유정,은행나무,2016,,9.78896E+12,3810,813.7,531
200,(설민석의) 통일 대모험 ,"글: 설민석,그림: 원프로",휴먼큐브,2018,2,9.79119E+12,74910,911,530
201,어제가 없으면 내일도 없다 ,지은이: 미야베 미유키 ;옮긴이: 김소연,북스피어,2020,,9.789E+12,4830,833.6,529
202,(아이의 마음과 생각이 크게 자라는) 하루 3줄 :초등 글쓰기의 기적 ,윤희솔 지음,청림출판,2020,,9.79119E+12,13590,802,528
203,대도시의 사랑법 :박상영 연작소설 ,지은이: 박상영,창비,2019,,9.78894E+12,3810,813.7,526
203,스스로 행복하라 ,글: 법정,샘터사,2020,,9.78895E+12,3810,814.62,526
203,마법천자문 :손오공의 한자 대탐험,"저자: 스튜디오시리얼,정수영",아울북,2005,33,9.78895E+12,77720,711.4,526
203,하늘 100층짜리 집 ,글·그림: 이와이 도시오 ;옮김: 김숙,북뱅크,2017,,9.78897E+12,74830,833.6,526
207,수상한 화장실 ,박현숙 글 ;유영주 그림,북멘토,2020,,9.78896E+12,73810,813.7,525
208,못 참는 아이 욱하는 부모 :분노조절장애의 시대를 사는 대한민국 부모에게 주는 육아 멘토 오은영 박사의 감정 조절 육아법 ,오은영 지음,대성 Korea.com,2016,,9.789E+12,13590,598.1,523
208,(비울수록 사람을 더 채우는) 말그릇 ,김윤나 지음,카시오페아,2017,,9.79119E+12,3190,189.2,523
210,불만이 있어요 ,요시타케 신스케 글·그림 ;김정화 옮김,봄나무,2016,,9.79116E+12,77830,833.6,522
211,아직 멀었다는 말 :권여선 소설 ,지은이: 권여선,문학동네,2020,,9.78895E+12,3810,813.62,521
211,코스모스 :특별판 ,칼 세이건 지음 ;홍승수 옮김,사이언스북스,2006,,9.78898E+12,3400,443.1,521
213,마법천자문 :손오공의 한자 대탐험,"저자: 스튜디오시리얼,정수영",아울북,2005,34,9.78895E+12,77720,711.4,519
214,오싹오싹 팬티! ,글: 에런 레이놀즈 ;옮김: 홍연미,토토북,2018,,9.78896E+12,77840,843,516
214,이유가 있어요 ,요시타케 신스케 글·그림 ;김정화 옮김,봄나무,2015,,9.79116E+12,77830,833.6,516
216,코믹 메이플 스토리 수학도둑 71 - 국내 최초 수학논술만화,"송도수 (지은이), 서정 엔터테인먼트 (그림), 여운방 (감수)",서울문화사,2019,71,9.79116E+12,,410,514
217,살인자의 기억법 :김영하 장편소설 ,지은이: 김영하,문학동네,2013,,9.78895E+12,3810,813.62,513
217,내일은 실험왕 :본격 대결 과학실험 만화,"글: 곰돌이 co. ,그림: 홍종현",미래엔,2011,42,9.79116E+12,77400,400,513
219,내 멋대로 나 뽑기,"최은옥 (지은이), 김무연 (그림)",주니어김영사,2018,,9.78893E+12,73810,813.8,511
219,마법천자문 :손오공의 한자 대탐험,"저자: 스튜디오시리얼,정수영",아울북,2005,32,9.78895E+12,77720,711.4,511
221,팥빙수의 전설 :이지은 그림책 ,글·그림: 이지은,웅진씽크빅,2019,,9.7889E+12,74800,813.7,509
221,(지랄발랄 하은맘의) 십팔년 책육아 ,김선미 지음,RHK(알에이치코리아),2019,,9.78893E+12,13370,598.1,509
221,(코믹 메이플스토리) 수학도둑 :지식·능력·경험을 융합하여 정리하는 No.1 수학학습만화,글: 송도수 ;그림: 서정 엔터테인먼트,서울문화사,2018-2020,73,9.79116E+12,67410,410,509
224,내일의 부 =세상에서 가장 빨리 99.9% 부자 되는 법! /Rich of tomorrow ,김장섭 지음,트러스트북스,2020,2,9.79119E+12,3320,327.04,508
225,라플라스의 마녀 :히가시노 게이고 장편소설 ,지은이: 히가시노 게이고 ;옮긴이: 양윤옥,현대문학,2016,,9.78897E+12,3830,833.6,507
225,"(1일 1페이지, 세상에서 가장 짧은) 교양 수업 365 ","데이비드 S. 키더,허성심 옮김",위즈덤하우스 미디어그룹,2019,,9.79119E+12,3030,909,507
227,타이탄의 도구들 :1만 시간의 법칙을 깬 거인들의 61가지 전략 ,팀 페리스 지음 ;정지현 옮김,Tornado(토네이도),2017,,9.79116E+12,3190,325.211,506
227,(백종원의) 도전 요리왕 :음식으로 맛보는 세계 역사 문화 체험 ,"글: 백종원,그림: 이정태",위즈덤하우스 미디어그룹,2019,1,9.79119E+12,74900,594,506
229,아가씨와 밤 :기욤 뮈소 장편소설 ,지은이: 기욤 뮈소 ;옮긴이: 양영란,밝은세상,2018,,9.78898E+12,3860,863,504
229,42가지 마음의 색깔 ,"지은이: 크리스티나 누녜스 페레이라,옮긴이: 남진희",북파크,2015,,9.7912E+12,77870,181,504
231,마법천자문 :손오공의 한자 대탐험,"저자: 스튜디오시리얼,정수영",아울북,2005,31,9.78895E+12,77720,711.4,503
231,초등 매일 공부의 힘 :학년이 올라갈수록 성적이 오르는 아이들의 비밀 ,이은경 지음,가나문화콘텐츠,2019,,9.78896E+12,3590,375.34,503
233,추리 천재 엉덩이 탐정과 카레 사건 ,트롤 글·그림 ;김정화 옮김,미래엔,2019,1,9.79116E+12,74830,833.6,502
233,엄마의 말하기 연습 :화내지 않고 상처 주지 않고 진심을 전하는 ,박재연 지음,한빛라이프,2018,,9.79119E+12,13590,598.1,502
235,어디서 살 것인가우리가 살고 싶은 곳의 기준을 바꾸다,유현준 지음,부산일보사,2018,,9.78893E+12,3540,540.04,501
236,옥상에서 만나요 :정세랑 소설집 ,지은이: 정세랑,창비,2018,,9.78894E+12,3810,813.7,500
237,(코믹 메이플스토리) 수학도둑 :지식·능력·경험을 융합하여 정리하는 No.1 수학학습만화,글: 송도수 ;그림: 서정 엔터테인먼트,서울문화사,2018-2020,70,9.79116E+12,67410,410,499
238,책 먹는 여우와 이야기 도둑 :《책 먹는 여우》두 번째 이야기 ,프란치스카 비어만 글·그림 ;송순섭 옮김,김영사,2015,,9.78893E+12,73850,853,497
238,보건교사 안은영 :정세랑 장편소설 ,지은이: 정세랑,민음사,2015,,9.78894E+12,4810,813.7,497
238,건방이의 건방진 수련기,천효정 글 ;강경수 그림,비룡소,2015-2018,4,9.78895E+12,74800,813.7,497
241,내일은 발명왕 :본격 대결 과학발명 만화,글: 곰돌이 co. ;그림: 홍종현,Mirae N 아이세움,2011,30,9.79116E+12,77080,507.5,496
241,(백종원의) 도전 요리왕 :음식으로 맛보는 세계 역사 문화 체험 ,"글: 백종원,그림: 이정태",위즈덤하우스 미디어그룹,2019,3,9.79119E+12,74900,594,496
243,기억 :베르나르 베르베르 장편소설 ,지은이: 베르나르 베르베르 ;옮긴이: 전미연,열린책들,2020,1,9.78893E+12,4860,863,495
243,(무엇이든 해결단) 허팝 연구소,라곰씨 글 ;차차 그림,부즈펌,2018-2021,1,9.79119E+12,74810,400,495
245,그것만 있을 리가 없잖아 ,요시타케 신스케 글·그림 ;고향옥 옮김,김영사,2019,,9.78893E+12,77830,833.6,494
245,철학은 어떻게 삶의 무기가 되는가 :불확실한 삶을 돌파하는 50가지 생각 도구 ,야마구치 슈 지음 ;김윤경 옮김,다산북스,2019,,9.79113E+12,3100,100,494
247,나는 인생에서 중요한 것만 남기기로 했다 :단순한 삶이 불러온 극적인 변화 ,에리카 라인 지음 ;이미숙 옮김,웅진씽크빅,2020,,9.7889E+12,3190,591,493
248,(백종원의) 도전 요리왕 :음식으로 맛보는 세계 역사 문화 체험 ,"글: 백종원,그림: 이정태",위즈덤하우스 미디어그룹,2019,2,9.79119E+12,74900,594,492
249,"알로하, 나의 엄마들 :이금이 장편소설 ",지은이: 이금이,창비,2020,,9.78894E+12,3810,813.7,490
249,오직 두 사람 :김영하 소설 ,지은이: 김영하,문학동네,2017,,9.78895E+12,3810,813.62,490
251,가면산장 살인사건 ,지은이: 히가시노 게이고 ;옮긴이: 김난주,재인,2014,,9.78899E+12,3830,833.6,489
252,내일은 실험왕 :본격 대결 과학실험 만화,"글: 곰돌이 co. ,그림: 홍종현",미래엔,2011,44,9.79116E+12,77400,400,488
253,내일은 실험왕 :본격 대결 과학실험 만화,"글: 곰돌이 co. ,그림: 홍종현",미래엔,2011,43,9.79116E+12,77400,400,486
254,명리심리학 :사는 게 내 마음 같지 않을 때 ,양창순 지음,다산북스,2020,,9.79113E+12,3180,188.5,484
254,내일은 발명왕 :본격 대결 과학발명 만화,글: 곰돌이 co. ;그림: 홍종현,Mirae N 아이세움,2011,28,9.79116E+12,77400,507.5,484
256,13층 나무 집 ,앤디 그리피스 글 ;신수진 옮김,시공사,2015,,9.78895E+12,74840,843,482
256,고요할수록 밝아지는 것들 :혜민 스님과 함께 지혜와 평온으로 가는 길 ,혜민 지음,수오서재,2018,,9.79119E+12,3810,818,482
258,(코믹 메이플스토리) 수학도둑 :지식·능력·경험을 융합하여 정리하는 No.1 수학학습만화,글: 송도수 ;그림: 서정 엔터테인먼트,서울문화사,2018-2020,68,9.78893E+12,67410,410,481
258,12가지 인생의 법칙 :혼돈의 해독제 ,조던 B. 피터슨 지음 ;강주헌 옮김,메이븐,2018,,9.7912E+12,3180,199.1,481
260,91층 나무 집 ,앤디 그리피스 글 ;신수진 옮김,시공사,2018,,9.78895E+12,74840,843,480
261,"룬샷 :전쟁, 질병, 불황의 위기를 승리로 이끄는 설계의 힘 ",사피 바칼 지음 ;이지연 옮김,흐름출판,2020,,9.78897E+12,3320,325.24,478
261,기도의 막이 내릴 때 ,지은이: 히가시노 게이고 ;옮긴이: 김난주,재인,2019,,9.78899E+12,3830,833.6,478
263,내 멋대로 아빠 뽑기 ,최은옥 글 ;김무연 그림,김영사,2017,,9.78893E+12,73810,813.7,476
264,내일은 발명왕 :본격 대결 과학발명 만화,글: 곰돌이 co. ;그림: 홍종현,Mirae N 아이세움,2011,29,9.79116E+12,77400,507.5,474
265,해빗 =내 안의 충동을 이겨내는 습관 설계의 법칙 /Habit ,웬디 우드 지음 ;김윤재 옮김,다산북스,2019,,9.79113E+12,3190,181.845,472
266,건방이의 건방진 수련기,천효정 글 ;강경수 그림,비룡소,2015-2018,5,9.78895E+12,74800,813.7,471
267,"아드님, 진지 드세요 ",강민경 글 ;이영림 그림,좋은책신사고 좋은책어린이,2011,24,9.78893E+12,74810,813.7,470
267,(50대 사건으로 보는) 돈의 역사 =The history of money ,홍춘욱 지음,Rok Media(로크미디어),2019,,9.79114E+12,3320,327.209,470
267,"나는 무조건 합격하는 공부만 한다 :26살, 9개월 만에 사법시험을 패스한 이윤규 변호사의 패턴 공부법 ",이윤규 지음,비즈니스북스,2019,,9.79116E+12,3190,373.4,470
270,강아지똥 ,글: 권정생 ;그림: 정승각,길벗어린이,2012,,9.78899E+12,77810,813.6,469
271,복제인간 윤봉구 ,임은하 글 ;정용환 그림,비룡소,2017,,9.78895E+12,74840,813.7,468
272,내일은 실험왕 :본격 대결 과학실험 만화,"글: 곰돌이 co. ,그림: 홍종현",미래엔,2011,39,9.78894E+12,77400,400,467
273,(코믹 메이플스토리) 수학도둑 :지식·능력·경험을 융합하여 정리하는 No.1 수학학습만화,글: 송도수 ;그림: 서정 엔터테인먼트,서울문화사,2018-2020,69,9.78893E+12,67410,410,464
274,(코믹 메이플스토리) 수학도둑 :지식·능력·경험을 융합하여 정리하는 No.1 수학학습만화,글: 송도수 ;그림: 서정 엔터테인먼트,서울문화사,2018-2020,63,9.78893E+12,67410,410,463
274,(무엇이든 해결단) 허팝 연구소,라곰씨 글 ;차차 그림,부즈펌,2018-2021,3,9.79119E+12,74810,400,463
276,당근 유치원 ,지은이: 안녕달,창비,2020,,9.78894E+12,77810,813.7,461
276,무례한 사람에게 웃으며 대처하는 법 :인생 자체는 긍정적으로 개소리에는 단호하게 ,정문정 지음,가나문화콘텐츠,2018,,9.78896E+12,3810,189.2,461
278,내 멋대로 동생 뽑기,"최은옥 (지은이), 김무연 (그림)",주니어김영사,2019,,9.78893E+12,73810,813.8,460
278,내일은 실험왕 :본격 대결 과학실험 만화,"글: 곰돌이 co. ,그림: 홍종현",미래엔,2011,37,9.78894E+12,77400,400,460
280,슈퍼 거북 ,유설화 글·그림,책읽는곰,2014,,9.78899E+12,77810,813.7,456
280,말의 품격 :말과 사람과 품격에 대한 생각들 ,이기주 지음,황소북스,2017,,9.789E+12,3810,818,456
282,내일은 실험왕 :본격 대결 과학실험 만화,"글: 곰돌이 co. ,그림: 홍종현",미래엔,2011,34,9.78894E+12,77400,400,455
282,(오은영의) 화해 :상처받은 내면의 나와 마주하는 용기 ,오은영 지음,대성,2019,,9.789E+12,3180,189.2,455
282,하고 싶은 대로 살아도 괜찮아 :늘 남에게 애쓰기만 하느라 나를 잃어버린 당신에게 ,윤정은 지음 ;마설 그림,비전비엔피,2018,,9.79119E+12,3810,818,455
285,나의 월급 독립 프로젝트 :3년 만에 30억 벌고 퇴사한 슈퍼개미의 실전 주식투자 생중계 ,유목민 지음,웅진씽크빅,2019,,9.7889E+12,3320,327.856,454
285,(코믹 메이플스토리) 수학도둑 :지식·능력·경험을 융합하여 정리하는 No.1 수학학습만화,글: 송도수 ;그림: 서정 엔터테인먼트,서울문화사,2018-2020,64,9.78893E+12,67410,410,454
287,잘못 뽑은 반장 ,이은재 글 ;서영경 그림,김영사,2009,,9.78893E+12,73810,813.6,451
288,쿠키런 어드벤처 :쿠키들의 신나는 세계여행,글: 송도수 ;그림: 서정은,서울문화사,2014-2020,31,9.78893E+12,67980,980.2,449
288,(무엇이든 해결단) 허팝 연구소,라곰씨 글 ;차차 그림,부즈펌,2018-2021,4,9.79119E+12,74810,400,449
290,내일은 실험왕 41 - 해양의 대결,"스토리 a. (지은이), 홍종현 (그림), 박완규, 이창덕 (감수)",아이세움,2017,41,9.79116E+12,77400,407,448
290,(무엇이든 해결단) 허팝 연구소,라곰씨 글 ;차차 그림,부즈펌,2018-2021,2,9.79119E+12,74810,400,448
292,만희네 집 ,글·그림: 권윤덕,길벗어린이,2012,,9.78899E+12,77810,813.7,447
292,쓰레기통 요정 :안녕달 그림책 ,안녕달 [지음],책읽는곰,2019,,9.79116E+12,77810,813.7,447
294,7년의 밤 :정유정 장편소설 ,지은이: 정유정,은행나무,2011,,9.78896E+12,3810,813.7,446
294,외국어 학습·교수의 원리 ,지은이: H. Douglas Brown ;이성희,피어슨 에듀케이션 코리아,2015,,9.79113E+12,13740,707,446
296,내일은 실험왕 :본격 대결 과학실험 만화,"글: 곰돌이 co. ,그림: 홍종현",미래엔,2011,40,9.78894E+12,77400,400,445
296,마법천자문 :손오공의 한자 대탐험,"저자: 스튜디오시리얼,정수영",아울북,2005,27,9.78895E+12,77720,711.4,445
296,그리스 로마 신화,글: 박시연 ;그림: 최우빈,북이십일,2017,3,9.78895E+12,74800,219,445
299,(코믹 메이플스토리) 수학도둑 :지식·능력·경험을 융합하여 정리하는 No.1 수학학습만화,글: 송도수 ;그림: 서정 엔터테인먼트,서울문화사,2018-2020,66,9.78893E+12,67410,410,444
299,내일은 실험왕 :본격 대결 과학실험 만화,"글: 곰돌이 co. ,그림: 홍종현",미래엔,2011,33,9.78894E+12,77400,400,444
299,우리의 불행은 당연하지 않습니다 :대한민국의 불편한 진실을 직시하다 ,김누리 지음,해냄,2020,,9.78897E+12,3330,330.911,444
302,이게 정말 나일까? ,요시타케 신스케 글·그림 ;김소연 옮김,김영사,2015,,9.78893E+12,77830,833.6,443
303,그리스 로마 신화,글: 박시연 ;그림: 최우빈,북이십일,2017,1,9.78895E+12,74800,219,442
304,"(코믹 메이플스토리) 수학도둑 :창의사고력 강화, 수리논술력을 키워 주는 스토리텔링 수학의 선구자!",글: 송도수 ;그림: 서정 엔터테인먼트,서울문화사,2015-2017,56,9.78893E+12,67410,410,441
305,메타인지 학습법 :생각하는 부모가 생각하는 아이를 만든다 ,리사 손 지음,북이십일,2019,,9.78895E+12,3370,373.4,439
305,(백종원의) 도전 요리왕 :음식으로 맛보는 세계 역사 문화 체험 ,"글: 백종원,그림: 이정태",위즈덤하우스 미디어그룹,2019,4,9.79119E+12,74900,594,439
307,(무엇이든 해결단) 허팝 연구소,라곰씨 글 ;차차 그림,부즈펌,2018-2021,5,9.79119E+12,74810,400,438
308,기억 전달자,로이스 로리 글;장은수 옮김,비룡소,2007,,9.78895E+12,43840,843,437
308,수상한 도서관 ,박현숙 글 ;장서영 그림,북멘토,2019,,9.78896E+12,73810,813.7,437
308,엘 데포 :특별한 아이와 진실한 친구 이야기 ,글·그림: 시시 벨 ;옮김: 고정아,밝은미래,2016,,9.78897E+12,77800,843,437
308,엄마 까투리 ,권정생 글 ;김세현 그림,낮은산,2008,,9.78899E+12,77810,813.6,437
312,(코믹 메이플스토리) 수학도둑 :지식·능력·경험을 융합하여 정리하는 No.1 수학학습만화,글: 송도수 ;그림: 서정 엔터테인먼트,서울문화사,2018-2020,65,9.78893E+12,67410,410,436
312,메리 :안녕달 그림책 ,글·그림: 안녕달,사계절,2017,,9.79116E+12,77810,813.7,436
314,있으려나 서점 ,요시타케 신스케 지음 ;고향옥 옮김,김영사,2018,,9.78893E+12,3830,838,435
314,내일은 실험왕 :본격 대결 과학실험 만화,"글: 곰돌이 co. ,그림: 홍종현",미래엔,2011,38,9.78894E+12,77400,400,435
316,100층짜리 집 ,글·그림: 이와이 도시오 ;옮김: 김숙,북뱅크,2009,,9.78899E+12,73830,833.6,434
317,기억 :베르나르 베르베르 장편소설 ,지은이: 베르나르 베르베르 ;옮긴이: 전미연,열린책들,2020,2,9.78893E+12,4860,863,433
317,윔피 키드,제프 키니 글·그림 ;지혜연 옮김,미래엔,2016,14,9.79116E+12,74840,843,433
319,"엄마, 주식 사주세요 =아이와 엄마의 미래를 위한 투자 원칙 /Buy stock, buy future ",존 리 지음,한경BP,2016,,9.78895E+12,3320,327.856,429
319,26층 나무 집 ,앤디 그리피스 글 ;신수진 옮김,시공사,2015,,9.78895E+12,74840,843,429
319,독고솜에게 반하면 - 제10회 문학동네청소년문학상 대상 수상작,허진희 (지은이),문학동네,2020,,9.78895E+12,,813.7,429
322,마법천자문 :손오공의 한자 대탐험,"저자: 스튜디오시리얼,정수영",아울북,2005,25,9.78895E+12,77720,711.4,427
323,"(코믹 메이플스토리) 수학도둑 :창의사고력 강화, 수리논술력을 키워 주는 스토리텔링 수학의 선구자!",글: 송도수 ;그림: 서정 엔터테인먼트,서울문화사,2015-2017,58,9.78893E+12,67410,410,426
323,그리스 로마 신화,글: 박시연 ;그림: 최우빈,북이십일,2017,2,9.78895E+12,74800,219,426
323,더 위험한 과학책 :지구인이라면 반드시 봐야 할 허를 찌르는 일상 속 과학 원리들 ,랜들 먼로 지음 ;이강환 옮김,시공사,2020,,9.78895E+12,3400,400,426
323,수상한 편의점,박현숙,북멘토,2018,,9.78896E+12,73810,813.8,426
327,하쿠바산장 살인사건 ,지은이: 히가시노 게이고 ;옮긴이: 민경욱,RHK(알에이치코리아),2020,,9.78893E+12,3830,833.6,425
327,내일은 실험왕 :본격 대결 과학실험 만화,"글: 곰돌이 co. ,그림: 홍종현",미래엔,2011,36,9.78894E+12,77400,400,425
329,"(코믹 메이플스토리) 수학도둑 :창의사고력 강화, 수리논술력을 키워 주는 스토리텔링 수학의 선구자!",글: 송도수 ;그림: 서정 엔터테인먼트,서울문화사,2015-2017,52,9.78893E+12,67410,410,424
329,부자 아빠 가난한 아빠 :20주년 특별 기념판 ,지은이: 로버트 기요사키 ;옮긴이: 안진환,민음인,2018,,9.79116E+12,3320,327.04,424
329,쿠키런 어드벤처 :쿠키들의 신나는 세계여행,글: 송도수 ;그림: 서정은,서울문화사,2014-2020,36,9.79116E+12,67980,980.2,424
332,(코믹 메이플스토리) 수학도둑 :지식·능력·경험을 융합하여 정리하는 No.1 수학학습만화,글: 송도수 ;그림: 서정 엔터테인먼트,서울문화사,2018-2020,67,9.78893E+12,67410,410,423
333,(코믹 메이플스토리) 수학도둑 :지식·능력·경험을 융합하여 정리하는 No.1 수학학습만화,글: 송도수 ;그림: 서정 엔터테인먼트,서울문화사,2018-2020,62,9.78893E+12,67410,410,422
333,"(코믹 메이플스토리) 수학도둑 :창의사고력 강화, 수리논술력을 키워 주는 스토리텔링 수학의 선구자!",글: 송도수 ;그림: 서정 엔터테인먼트,서울문화사,2015-2017,53,9.78893E+12,67410,410,422
333,스무고개 탐정,허교범 글 ;고상미 그림,비룡소,2013-2015,2,9.78895E+12,74800,813.7,422
333,꽃을 보듯 너를 본다 :나태주 인터넷 시집 ,지은이: 나태주,지혜,2015,,9.79116E+12,3810,811.7,422
333,(무엇이든 해결단) 허팝 연구소,라곰씨 글 ;차차 그림,부즈펌,2018-2021,6,9.79119E+12,74810,400,422
338,빛의 과거 :은희경 장편소설 ,지은이: 은희경,문학과지성사,2019,,9.78893E+12,3810,813.62,421
338,마법천자문 :손오공의 한자 대탐험,"저자: 스튜디오시리얼,정수영",아울북,2005,21,9.78895E+12,77720,711.4,421
338,어쩌다 보니 살아남았습니다 :지구에서 사라지면 절대로 안 될 101종의 이상한 동물도감 ,글: 이마이즈미 다다아키 ;옮긴이: 이소담,아름다운사람들,2020,,9.78897E+12,73490,491,421
338,지하 100층짜리 집 ,글·그림: 이와이 도시오 ;옮긴이: 김숙,북뱅크,2011,,9.78899E+12,73830,833.6,421
342,"(코믹 메이플스토리) 수학도둑 :창의사고력 강화, 수리논술력을 키워 주는 스토리텔링 수학의 선구자!",글: 송도수 ;그림: 서정 엔터테인먼트,서울문화사,2015-2017,57,9.78893E+12,67410,410,420
342,난장이가 쏘아올린 작은 공:조세희 소설집,조세희,이성과 힘,2000,,9.789E+12,3810,813.6,420
342,아내를 모자로 착각한 남자 ,올리버 색스 지음 ;이정호 그림,Alma(알마 출판사),2016,,9.79116E+12,3400,513.8,420
342,내일은 발명왕 :본격 대결 과학발명 만화,글: 곰돌이 co. ;그림: 홍종현,Mirae N 아이세움,2011,27,9.79116E+12,77400,507.5,420
342,쿠키런 어드벤처 37 : 오슬로 - 쿠키들의 신나는 세계여행,"송도수 (지은이), 서정은 (그림)",서울문화사,2020,37,9.79116E+12,,,420
347,"(코믹 메이플스토리) 수학도둑 :창의사고력 강화, 수리논술력을 키워 주는 스토리텔링 수학의 선구자!",글: 송도수 ;그림: 서정 엔터테인먼트,서울문화사,2015-2017,54,9.78893E+12,67410,410,419
347,분신,"히가시노 게이고 (지은이), 김난주 (옮긴이)",재인,2019,,9.78899E+12,,833.6,419
349,마법천자문 :손오공의 한자 대탐험,"저자: 스튜디오시리얼,정수영",아울북,2005,30,9.78895E+12,77720,711.4,417
349,78층 나무 집 ,앤디 그리피스 글 ;신수진 옮김,시공사,2017,,9.78895E+12,74840,843,417
351,쿠키런 어드벤처 :쿠키들의 신나는 세계여행,글: 송도수 ;그림: 서정은,서울문화사,2014-2020,30,9.78893E+12,67980,980.2,416
351,쿠키런 어드벤처 :쿠키들의 신나는 세계여행,글: 송도수 ;그림: 서정은,서울문화사,2014-2020,27,9.78893E+12,67980,980.2,416
351,마법천자문 :손오공의 한자 대탐험,"저자: 스튜디오시리얼,정수영",아울북,2005,26,9.78895E+12,77720,711.4,416
351,지적 대화를 위한 넓고 얕은 지식 0 :지혜를 찾아 138억 년을 달리는 시간 여행서 ,채사장 지음,Whale Books(웨일북),2019,,9.79119E+12,3100,1.3,416
351,엄마의 20년 :엄마의 세계가 클수록 아이의 세상이 커진다 ,오소희 지음,수오서재,2019,,9.79119E+12,13370,378.9,416
356,어떻게 살 것인가 ,지은이: 유시민,아름다운사람들,2013,,9.78897E+12,3810,340.4,415
356,(마음을 읽는 아이) 오로르 ,더글라스 케네디 글 ;조동섭 옮김,밝은세상,2020,,9.78898E+12,3840,843.5,415
356,쿠키런 어드벤처 :쿠키들의 신나는 세계여행,글: 송도수 ;그림: 서정은,서울문화사,2014-2020,35,9.79116E+12,67980,980.2,415
359,부의 확장 :나와 세상의 부를 연결하는 법 ,"천영록,제갈현열 지음",다산북스,2020,,9.79113E+12,3320,325.2113,414
360,귀신 선생님과 진짜 아이들 ,남동윤 만화,사계절,2014,,9.78896E+12,77810,810,413
360,"틀 밖에서 놀게 하라 :세계 창의력 교육 노벨상 '토런스상' 수상, 김경희 교수의 창의영재 교육법 ",김경희 지음,포르체,2019,,9.78897E+12,13370,598.1,413
362,구름빵,글·그림: 백희나;빛그림: 김향수,한솔교육,2006,,9.78895E+12,74800,813.6,412
363,21세기를 위한 21가지 제언 :더 나은 오늘은 어떻게 가능한가 ,지은이: 유발 하라리 ;옮긴이: 전병근,김영사,2018,,9.78893E+12,3900,909.6,411
364,코믹 메이플 스토리 수학도둑 51 - 국내 최초 수학논술만화,"송도수 (글), 서정 엔터테인먼트 (그림), 여운방 (감수)",서울문화사,2016,51,9.78893E+12,67410,410,410
364,(코믹 메이플스토리) 수학도둑 :사고력과 이해력을 향상시켜 주는 국내 최초 수학논술만화,글: 송도수 ;서정 엔터테인먼트,서울문화사,2006,32,9.78893E+12,67410,410,410
364,구해줘 카카오프렌즈 한국사 :큰★별쌤 최태성과 떠나는 한국사 대탐험,"글: 최태성,그림: 도니패밀리",메가스터디,2019,1,9.79113E+12,64910,911,410
367,"(코믹 메이플스토리) 수학도둑 :창의사고력 강화, 수리논술력을 키워 주는 스토리텔링 수학의 선구자!",글: 송도수 ;그림: 서정 엔터테인먼트,서울문화사,2015-2017,47,9.78893E+12,67410,410,409
367,스무고개 탐정과 마술사 ,허교범 글 ;고상미 그림,비룡소,2013,,9.78895E+12,74800,813.7,409
369,아몬드 :손원평 장편소설 ,지은이: 손원평,창비,2017,,9.78894E+12,43810,813.7,407
369,이수정 이다혜의 범죄 영화 프로파일 ,"이수정,조영주 지음",민음사,2020,,9.78894E+12,3330,364.45,407
371,"(코믹 메이플스토리) 수학도둑 :창의사고력 강화, 수리논술력을 키워 주는 스토리텔링 수학의 선구자!",글: 송도수 ;그림: 서정 엔터테인먼트,서울문화사,2015-2017,59,9.78893E+12,67410,410,406
371,"(코믹 메이플스토리) 수학도둑 :창의사고력 강화, 수리논술력을 키워 주는 스토리텔링 수학의 선구자!",글: 송도수 ;그림: 서정 엔터테인먼트,서울문화사,2015-2017,55,9.78893E+12,67410,410,406
371,개인주의자 선언 :판사 문유석의 일상유감 ,지은이: 문유석,문학동네,2015,,9.78895E+12,3300,304,406
371,쿠키런 어드벤처 34 : 홍콩 - 쿠키들의 신나는 세계여행,"송도수 (지은이), 서정은 (그림)",서울문화사,2019,34,9.79116E+12,,,406
375,"(코믹 메이플스토리) 수학도둑 :창의사고력 강화, 수리논술력을 키워 주는 스토리텔링 수학의 선구자!",글: 송도수 ;그림: 서정 엔터테인먼트,서울문화사,2015-2017,61,9.78893E+12,67410,410,405
375,39층 나무 집,앤디 그리피스,시공주니어,2015,,9.78895E+12,74840,843,405
377,(선물주는산타의) 주식투자 시크릿 :8천만 원 종잣돈으로 124배의 수익을 올린 투자 고수가 되기까지 ,선물주는산타 지음,비즈니스북스,2020,,9.79116E+12,3320,327.856,404
378,(코믹 메이플스토리) 수학도둑 :사고력과 이해력을 향상시켜 주는 국내 최초 수학논술만화,글: 송도수 ;서정 엔터테인먼트,서울문화사,2006,34,9.78893E+12,67410,410,403
378,마법천자문 :손오공의 한자 대탐험,"저자: 스튜디오시리얼,정수영",아울북,2005,23,9.78895E+12,77720,711.4,403
378,마법천자문 :손오공의 한자 대탐험,"저자: 스튜디오시리얼,정수영",아울북,2005,28,9.78895E+12,77720,711.4,403
378,52층 나무 집 ,앤디 그리피스 글 ;신수진 옮김,시공사,2016,,9.78895E+12,74840,843,403
378,(코믹 메이플스토리) 수학도둑 :지식·능력·경험을 융합하여 정리하는 No.1 수학학습만화,글: 송도수 ;그림: 서정 엔터테인먼트,서울문화사,2018-2020,75,9.79116E+12,67410,410,403
378,우리가 인생이라 부르는 것들 - 자기 삶의 언어를 찾는 열네 번의 시 강의,정재찬 지음,인플루엔셜,2020,,9.79119E+12,3810,811.6209,403
384,초예측 :세계 석학 8인에게 인류의 미래를 묻다 ,"유발 하라리,정현옥 옮김",웅진씽크빅,2019,,9.7889E+12,3300,331.544,402
384,"(코믹 메이플스토리) 수학도둑 :창의사고력 강화, 수리논술력을 키워 주는 스토리텔링 수학의 선구자!",글: 송도수 ;그림: 서정 엔터테인먼트,서울문화사,2015-2017,60,9.78893E+12,67410,410,402
384,(코믹 메이플스토리) 수학도둑 :사고력과 이해력을 향상시켜 주는 국내 최초 수학논술만화,글: 송도수 ;서정 엔터테인먼트,서울문화사,2006,40,9.78893E+12,67410,410,402
384,(코믹 메이플스토리) 수학도둑 :사고력과 이해력을 향상시켜 주는 국내 최초 수학논술만화,글: 송도수 ;서정 엔터테인먼트,서울문화사,2006,42,9.78893E+12,67410,410,402
384,(세계 석학들이 내다본) 코로나 경제 전쟁 :바이러스가 바꿔놓을 뉴노멀 경제학 ,"엮은이: 리처드 볼드윈,이미숙",매경출판,2020,,9.79116E+12,3320,321.9,402
384,내일 또 싸우자!,박종진,소원나무,2019,,9.79117E+12,,,402
390,(코믹 메이플스토리) 수학도둑 :사고력과 이해력을 향상시켜 주는 국내 최초 수학논술만화,글: 송도수 ;서정 엔터테인먼트,서울문화사,2006,31,9.78893E+12,67410,410,401
390,(한밤중) 달빛 식당 ,이분희 글 ;윤태규 그림,비룡소,2018,,9.78895E+12,74800,813.7,401
390,아이를 위한 하루 한 줄 인문학 :내면의 힘이 탄탄한 아이를 만드는 인생 문장 100 ,김종원 지음,청림출판,2018,,9.79119E+12,13590,598.1,401
393,그리스 로마 신화,글: 박시연 ;그림: 최우빈,북이십일,2017,14,9.78895E+12,74800,219,400
393,디플레 전쟁 :deflation ,홍춘욱 지음,스마트북스,2020,,9.79119E+12,13320,321.9,400
395,돼지책,앤서니 브라운 글·그림;허은미 옮김,웅진닷컴,2001,,9.7889E+12,74840,843,399
395,쿠키런 어드벤처 :쿠키들의 신나는 세계여행,글: 송도수 ;그림: 서정은,서울문화사,2014-2020,21,9.78893E+12,67980,980.2,399
395,푸른 사자 와니니 :이현 장편동화,지은이: 이현 ;그린이: 오윤화,창비,2015,280,9.78894E+12,73810,813.7,399
395,마법천자문 :손오공의 한자 대탐험,"저자: 스튜디오시리얼,정수영",아울북,2005,22,9.78895E+12,77720,711.4,399
395,돈의 감각 =절호의 투자 타이밍을 귀신같이 눈치채는 비결 /The sense of money ,이명로 지음,비즈니스북스,2019,,9.79116E+12,3320,327.8,399
400,장군이네 떡집 ,김리리 글 ;이승현 그림,비룡소,2020,,9.78895E+12,74800,813.7,398
400,스무고개 탐정,허교범 글 ;고상미 그림,비룡소,2013-2015,4,9.78895E+12,74800,813.7,398
400,그리스 로마 신화,글: 박시연 ;그림: 최우빈,북이십일,2017,4,9.78895E+12,74800,219,398
400,야구장 가는 날 ,김영진 글·그림,길벗어린이,2020,,9.78896E+12,74810,813.7,398
404,코믹 메이플 스토리 수학도둑 48 - 국내 최초 수학논술만화,"송도수 (글), 서정 엔터테인먼트 (그림), 여운방 (감수)",서울문화사,2015,48,9.78893E+12,67410,410,397
404,코믹 메이플 스토리 수학도둑 49 - 국내 최초 수학논술만화,"송도수 (글), 서정 엔터테인먼트 (그림), 여운방 (감수)",서울문화사,2015,49,9.78893E+12,67410,410,397
404,내일은 발명왕 :본격 대결 과학발명 만화,글: 곰돌이 co. ;그림: 홍종현,Mirae N 아이세움,2011,25,9.79116E+12,77400,507.5,397
407,하루 한마디 인문학 질문의 기적 ,김종원 지음,다산북스,2020,,9.79113E+12,3370,378.9,396
407,이정현의 집밥레스토랑 =이정현의 행복한 집밥이야기 101가지 요리 /Home cooking with Jung-hyun ,이정현 지음,서사원,2020,,9.79119E+12,13590,594.5,396
407,(스타강사 사경인 회계사의) 재무제표 모르면 주식투자 절대로 하지마라 ,사경인 지음,베가북스,2020,,9.79119E+12,13320,327.856,396
410,내일은 실험왕 :본격 대결 과학실험 만화,"글: 곰돌이 co. ,그림: 홍종현",미래엔,2011,35,9.78894E+12,77400,400,395
410,건방이의 건방진 수련기 ,천효정 글 ;강경수 그림,비룡소,2014,,9.78895E+12,74800,813.7,395
412,(코믹 메이플스토리) 수학도둑 :사고력과 이해력을 향상시켜 주는 국내 최초 수학논술만화,글: 송도수 ;서정 엔터테인먼트,서울문화사,2006,43,9.78893E+12,67410,410,394
412,알사탕 ,백희나,책읽는곰,2017,39,9.79116E+12,77810,813.7,394
412,내일은 발명왕 :본격 대결 과학발명 만화,글: 곰돌이 co. ;그림: 홍종현,Mirae N 아이세움,2011,24,9.79116E+12,77400,507.5,394
412,레이튼 미스터리 탐정사무소 :카트리에일의 수수께끼 파일,글: 안치현 ;그림: 팀키즈,미래엔,2019,1,9.79116E+12,77690,813.7,394
416,(카카오프렌즈) 과학 탐정단 :미스터리 과학 학습만화,"글: 김승현,그림: 최우빈",대원씨아이,2019-2020,1,9.79114E+12,77400,400,393
417,곰탕 :김영탁 장편소설 ,지은이: 김영탁,Arte(아르테),2018,1,9.78895E+12,4810,813.7,392
417,보이거나 안 보이거나 ,요시타케 신스케 글·그림 ;고향옥 옮김,토토북,2019,,9.78896E+12,77830,833.6,392
417,프린들 주세요,앤드루 클레먼츠 지음;양혜원 그림,사계절출판사,2001,,9.78897E+12,73810,843,392
420,마법천자문 :손오공의 한자 대탐험,"저자: 스튜디오시리얼,정수영",아울북,2005,29,9.78895E+12,77720,711.4,391
420,사서함 110호의 우편물 :이도우 장편소설 ,지은이: 이도우,시공사,2016,,9.78895E+12,4810,813.7,391
420,레이튼 미스터리 탐정사무소 :카트리에일의 수수께끼 파일,글: 안치현 ;그림: 팀키즈,미래엔,2019,2,9.79116E+12,77690,813.7,391
420,꿈에서 맛본 똥파리 ,지은이: 백희나,책읽는곰,2014,,9.79119E+12,77810,813.7,391
420,(무엇이든 해결단) 허팝 연구소,라곰씨 글 ;차차 그림,부즈펌,2018-2021,7,9.79119E+12,74810,400,391
425,코믹 메이플 스토리 수학도둑 46 - 국내 최초 수학논술만화,"송도수 (글), 서정 엔터테인먼트 (그림), 여운방 (감수)",서울문화사,2015,46,9.78893E+12,67410,410,390
425,내일은 실험왕 :본격 대결 과학실험 만화,"글: 곰돌이 co. ,그림: 홍종현",미래엔,2011,28,9.78894E+12,77400,400,390
425,레이튼 미스터리 탐정사무소 :카트리에일의 수수께끼 파일,글: 안치현 ;그림: 팀키즈,미래엔,2019,5,9.79116E+12,77690,813.7,390
425,쿠키런 어드벤처 33 : 이스탄불 - 쿠키들의 신나는 세계여행,"송도수 (지은이), 서정은 (그림)",서울문화사,2019,33,9.79116E+12,67980,980.24,390
429,(코믹 메이플스토리) 수학도둑 :사고력과 이해력을 향상시켜 주는 국내 최초 수학논술만화,글: 송도수 ;서정 엔터테인먼트,서울문화사,2006,45,9.78893E+12,67410,410,389
429,위험한 과학책 :지구 생활자들의 엉뚱한 질문에 대한 과학적 답변 ,랜들 먼로 지음 ;이지연 옮김,시공사,2015,,9.78895E+12,3400,400,389
429,(나를 숨 쉬게 하는) 보통의 언어들 ,김이나 지음,위즈덤하우스,2020,,9.79119E+12,3810,818,389
429,설민석의 책 읽어드립니다 :세상의 모든 책썸 남녀를 위하여 ,글: 설민석 ;그림: 한정석,Dankkum i(단꿈아이),2020,,9.7912E+12,3810,1.3,389
433,마법천자문 :손오공의 한자 대탐험,"저자: 스튜디오시리얼,정수영",아울북,2005,24,9.78895E+12,77720,711.4,388
433,65층 나무 집,앤디 그리피스,시공주니어,2016,,9.78895E+12,74840,843,388
435,쿠키런 어드벤처 :쿠키들의 신나는 세계여행,글: 송도수 ;그림: 서정은,서울문화사,2014-2020,32,9.78893E+12,67980,980.2,387
435,공간이 만든 공간 :새로운 생각은 어떻게 만들어지는가 ,유현준 지음,을유문화사,2020,,9.78893E+12,3540,540.04,387
435,그리스 로마 신화,글: 박시연 ;그림: 최우빈,북이십일,2017,13,9.78895E+12,74800,219,387
438,사랑 밖의 모든 말들 :김금희 산문 ,지은이: 김금희,문학동네,2020,,9.78895E+12,3810,814.7,385
438,오베라는 남자 :프레드릭 배크만 장편소설 ,지은이: 프레드릭 배크만 ;옮긴이: 최민우,다산북스,2015,,9.79113E+12,3850,859.7,385
440,세계를 건너 너에게 갈게 :이꽃님 장편소설 ,글쓴이: 이꽃님,문학동네,2018,,9.78895E+12,3810,813.7,384
441,(코믹 메이플스토리) 수학도둑 :사고력과 이해력을 향상시켜 주는 국내 최초 수학논술만화,글: 송도수 ;서정 엔터테인먼트,서울문화사,2006,36,9.78893E+12,67410,410,383
441,걱정 세탁소 :걱정을 세탁해 드립니다! ,홍민정 글 ;김도아 그림,좋은책신사고 좋은책어린이,2020,,9.78893E+12,74810,813.7,383
441,잭키 마론과 악당 황금손 ,책 먹는 여우와 프란치스카 비어만 글·그림 ;송순섭 옮김,김영사,2017,,9.78893E+12,73850,853,383
441,교통경찰의 밤 ,지은이: 히가시노 게이고 ;옮긴이: 양윤옥,대원씨아이,2019,,9.79114E+12,3830,833.6,383
445,시작의 기술 :침대에 누워서 걱정만 하는 게으른 완벽주의자를 위한 7가지 무기 ,개리 비숍 지음 ;이지연 옮김,웅진씽크빅,2019,,9.7889E+12,3320,189.1,382
445,쿠키런 어드벤처 :쿠키들의 신나는 세계여행,글: 송도수 ;그림: 서정은,서울문화사,2014-2020,28,9.78893E+12,67980,980.2,382
445,내일은 발명왕 :본격 대결 과학발명 만화,글: 곰돌이 co. ;그림: 홍종현,Mirae N 아이세움,2011,1,9.78894E+12,77400,507.5,382
448,스무고개 탐정,허교범 글 ;고상미 그림,비룡소,2013-2015,3,9.78895E+12,74800,813.7,381
449,(코믹 메이플스토리) 수학도둑 :사고력과 이해력을 향상시켜 주는 국내 최초 수학논술만화,글: 송도수 ;서정 엔터테인먼트,서울문화사,2006,41,9.78893E+12,67410,410,379
449,내일은 발명왕 :본격 대결 과학발명 만화,글: 곰돌이 co. ;그림: 홍종현,Mirae N 아이세움,2011,13,9.78894E+12,77400,507.5,379
449,"으악, 도깨비다!",손정원 글;유애로 그림,느림보,2002,,9.78899E+12,77810,813.6,379
449,이유가 있어서 멸종했습니다 :세상에서 가장 재미있는 멸종 동물 도감 ,글: 마루야마 다카시 ;옮김: 곽범신,위즈덤하우스 미디어그룹,2019,,9.79119E+12,73490,491,379
453,(코믹 메이플스토리) 수학도둑 :사고력과 이해력을 향상시켜 주는 국내 최초 수학논술만화,글: 송도수 ;서정 엔터테인먼트,서울문화사,2006,35,9.78893E+12,67410,410,378
453,미라클모닝 :당신의 하루를 바꾸는 기적 아침 6분이면 충분하다 ,할 엘로드 지음 ;김현수 옮김,한빛비즈,2016,,9.79116E+12,13320,199.1,378
455,스무고개 탐정 :시즌Ⅱ,허교범 글 ;고상미 그림,비룡소,2015-2017,5,9.78895E+12,74800,813.7,377
455,그리스 로마 신화,글: 박시연 ;그림: 최우빈,북이십일,2017,11,9.78895E+12,74800,219,377
455,짜장 짬뽕 탕수육,김영주 글;고경숙 그림,재미마주,2002,,9.78899E+12,73810,813.6,377
458,(코믹 메이플스토리) 수학도둑 :사고력과 이해력을 향상시켜 주는 국내 최초 수학논술만화,글: 송도수 ;서정 엔터테인먼트,서울문화사,2006,44,9.78893E+12,67410,410,376
458,종이 봉지 공주,로버트 먼치,비룡소,1998,49,9.78895E+12,77840,808.9,376
458,내가 확실히 아는 것들 ,오프라 윈프리 지음 ;송연수 옮김,북하우스,2014,,9.78896E+12,3840,199.1,376
458,심리학을 만나 행복해졌다 :복잡한 세상과 사람의 마음을 꿰뚫어 보는 심리법칙 75 ,장원청 지음 ;김혜림 옮김,다빈치하우스-미디어숲,2020,,9.79116E+12,3030,189,376
462,푸른 사자 와니니 :이현 장편동화,지은이: 이현 ;그린이: 오윤화,창비,2015,,9.78894E+12,73810,813.7,375
462,내일은 실험왕 :본격 대결 과학실험 만화,"글: 곰돌이 co. ,그림: 홍종현",미래엔,2011,26,9.78894E+12,77400,400,375
462,그리스 로마 신화,글: 박시연 ;그림: 최우빈,북이십일,2017,10,9.78895E+12,74800,219,375
462,수상한 학원 ,박현숙 글 ;장서영 그림,북멘토,2016,,9.78896E+12,73810,813.7,375
462,"50부터는 인생관을 바꿔야 산다 :이제 자존심, 꿈, 사람은 버리고 오직 나를 위해서만! ",사이토 다카시 지음 ;황혜숙 옮김,센시오,2019,,9.79119E+12,3190,199.6,375
467,쿠키런 어드벤처 :쿠키들의 신나는 세계여행,글: 송도수 ;그림: 서정은,서울문화사,2014-2020,25,9.78893E+12,67980,980.2,374
467,전설의 고수 :이현 장편동화 ,이현 글 ;김소희 그림,창비,2019,,9.78894E+12,73810,813.7,374
467,엉덩이탐정 :뿡뿡 쪼그만 서장의 대위기!? ,트롤 글·그림 ;전경아 옮김,문학수첩리틀북,2017,3,9.78896E+12,77830,833.6,374
467,붕대 감기 :윤이형 소설 ,지은이: 윤이형,작가정신,2020,,9.79116E+12,3810,813.7,374
467,내 꿈은 방울토마토 엄마 :가슴 뛰는 꿈을 위한 작은 첫걸음 ,글: 허윤 ;그림: 윤희동,키위북스,2014,,9.79119E+12,14300,372,374
472,오싹오싹 당근 ,애런 레이놀즈 글 ;홍연미 옮김,알에이치코리아,2013,,9.78893E+12,73840,843,373
472,변신돼지 ,박주혜 글 ;이갑규 그림,비룡소,2017,264,9.78895E+12,74800,813.7,373
472,살인 현장은 구름 위 ,지은이: 히가시노 게이고 ;옮긴이: 김난주,재인,2019,,9.78899E+12,3830,833.6,373
472,레이튼 미스터리 탐정사무소 :카트리에일의 수수께끼 파일,글: 안치현 ;그림: 팀키즈,미래엔,2019,6,9.79116E+12,77690,813.7,373
476,(코믹 메이플스토리) 수학도둑 :사고력과 이해력을 향상시켜 주는 국내 최초 수학논술만화,글: 송도수 ;서정 엔터테인먼트,서울문화사,2006,39,9.78893E+12,67410,410,372
476,스무고개 탐정 :시즌III,허교범 글 ;고상미 그림,비룡소,2018-2020,12,9.78895E+12,74800,813.7,372
476,엉덩이탐정 :뿡뿡 무지개 다이아몬드를 찾아라! ,트롤 글·그림 ;전경아 옮김,문학수첩리틀북,2016,2,9.78896E+12,77830,833.6,372
476,(대한민국 부동산 초보를 위한) 아파트 투자의 정석 :마흔 전에 내 집 마련부터 부동산 투자까지 ,제네시스박 지음,비즈니스북스,2020,,9.79116E+12,3320,327.87,372
480,(코믹 메이플스토리) 수학도둑 :사고력과 이해력을 향상시켜 주는 국내 최초 수학논술만화,글: 송도수 ;서정 엔터테인먼트,서울문화사,2006,38,9.78893E+12,67410,410,371
480,그리스 로마 신화,글: 박시연 ;그림: 최우빈,북이십일,2017,7,9.78895E+12,74800,219,371
480,그리스 로마 신화,글: 박시연 ;그림: 최우빈,북이십일,2017,12,9.78895E+12,74800,219,371
480,임계장 이야기 :63세 임시 계약직 노인장의 노동 일지 ,조정진 지음,후마니타스,2020,,9.78896E+12,4300,321.546,371
480,"박막례, 이대로 죽을 순 없다 :독보적 유튜버 박막례와 천재 PD 손녀 김유라의 말도 안 되게 뒤집힌 신나는 인생! ","박막례,김유라 지음",위즈덤하우스 미디어그룹,2019,,9.79119E+12,3810,326.7904,371
485,엉덩이 탐정 :뿡뿡 괴도가 나타나다! ,트롤 글·그림 ;전경아 옮김,문학수첩리틀북,2019,,9.78896E+12,77830,833.6,370
485,수상한 아파트 ,박현숙 글 ;장서영 그림,북멘토,2014,,9.78896E+12,73810,813.7,370
485,용선생 만화 한국사: ,"글: 정상민,주성윤",사회평론,2016-2017,1,9.78896E+12,67900,911,370
485,부의 본능 :슈퍼리치가 되는 9가지 방법 ,브라운스톤 지음,북새통,2018,,9.79119E+12,13320,327.8,370
489,신경 끄기의 기술 :인생에서 가장 중요한것만 남기는 힘 ,마크 맨슨 지음 ;한재호 옮김,웅진씽크빅,2017,,9.7889E+12,3190,199.1,369
489,내일은 발명왕 :본격 대결 과학발명 만화,글: 곰돌이 co. ;그림: 홍종현,Mirae N 아이세움,2011,7,9.78894E+12,77400,507.5,369
489,그리스 로마 신화,글: 박시연 ;그림: 최우빈,북이십일,2017,8,9.78895E+12,74800,219,369
492,(코믹 메이플스토리) 수학도둑 :사고력과 이해력을 향상시켜 주는 국내 최초 수학논술만화,글: 송도수 ;서정 엔터테인먼트,서울문화사,2006,33,9.78893E+12,67410,410,368
492,심심해 심심해 ,요시타케 신스케 글·그림 ;고향옥 옮김,김영사,2017,,9.78893E+12,77830,833.6,368
492,내일은 발명왕 :본격 대결 과학발명 만화,글: 곰돌이 co. ;그림: 홍종현,Mirae N 아이세움,2011,19,9.78894E+12,77400,507.5,368
492,내일은 발명왕 :본격 대결 과학발명 만화,글: 곰돌이 co. ;그림: 홍종현,Mirae N 아이세움,2011,2,9.78894E+12,77400,507.5,368
492,내일은 발명왕 :본격 대결 과학발명 만화,글: 곰돌이 co. ;그림: 홍종현,Mirae N 아이세움,2011,6,9.78894E+12,77400,507.5,368
492,시간을 파는 상점 :김선영 장편소설,지은이: 김선영,자음과모음,2019,2,9.78895E+12,43810,813.7,368
498,넛지 :똑똑한 선택을 이끄는 힘 ,"리처드 탈러,안진환 옮김",웅진씽크빅,2009,,9.7889E+12,3320,321.89,367
498,(코믹 메이플스토리) 수학도둑 :사고력과 이해력을 향상시켜 주는 국내 최초 수학논술만화,글: 송도수 ;서정 엔터테인먼트,서울문화사,2006,37,9.78893E+12,67410,410,367
498,내일은 실험왕 :본격 대결 과학실험 만화,"글: 곰돌이 co. ,그림: 홍종현",미래엔,2011,30,9.78894E+12,77400,400,367
498,스무고개 탐정 11 : 탐정 대회 2부,"허교범 (지은이), 고상미 (그림)",비룡소,2019,11,9.78895E+12,,,367
498,그리스 로마 신화,글: 박시연 ;그림: 최우빈,북이십일,2017,6,9.78895E+12,74800,219,367
503,내가 조금 불편하면 세상은 초록이 돼요 :지구를 지키는 어린이들의 환경 실천법 50 ,김소희 글 ;정은희 그림,토토북,2009,,9.78899E+12,73530,539,366
504,내 동생 싸게 팔아요,글: 임정자;그림: 김영수,대한교과서,2006,,9.78894E+12,74810,813.6,365
504,내일은 실험왕 :본격 대결 과학실험 만화,"글: 곰돌이 co. ,그림: 홍종현",미래엔,2011,29,9.78894E+12,77400,400,365
504,그리스 로마 신화,글: 박시연 ;그림: 최우빈,북이십일,2017,15,9.78895E+12,74800,219,365
504,혼자가 혼자에게 :이병률 산문집 ,지은이: 이병률,달 출판사,2019,,9.79116E+12,3810,814.7,365
504,설이 :심윤경 장편소설 ,지은이: 심윤경,한겨레출판,2019,,9.79116E+12,3810,813.7,365
504,내일은 발명왕 :본격 대결 과학발명 만화,글: 곰돌이 co. ;그림: 홍종현,Mirae N 아이세움,2011,26,9.79116E+12,77400,507.5,365
504,신비아파트 한자 귀신 4 - 악귀 조종자,"김강현 (지은이), 김기수 (그림), 김경익, 박상우 (감수)",서울문화사,2019,4,9.79116E+12,,,365
504,초등 자존감 수업 :불안을 이기는 엄마가 아이의 자존감을 키운다 ,윤지영 지음,카시오페아,2019,,9.79119E+12,3590,598.124,365
512,내일은 실험왕 :본격 대결 과학실험 만화,"글: 곰돌이 co. ,그림: 홍종현",미래엔,2011,32,9.78894E+12,77400,400,364
512,그리스 로마 신화,글: 박시연 ;그림: 최우빈,북이십일,2017,9,9.78895E+12,74800,219,364
512,레이튼 미스터리 탐정사무소 :카트리에일의 수수께끼 파일,글: 안치현 ;그림: 팀키즈,미래엔,2019,7,9.79116E+12,77690,813.7,364
515,코믹 메이플 스토리 수학도둑 50 - 국내 최초 수학논술만화,"송도수 (글), 서정 엔터테인먼트 (그림), 여운방 (감수)",서울문화사,2016,50,9.78893E+12,67410,410,363
515,내일은 발명왕 :본격 대결 과학발명 만화,글: 곰돌이 co. ;그림: 홍종현,Mirae N 아이세움,2011,5,9.78894E+12,77400,507.5,363
515,유튜브 전쟁 :나도 크리에이터가 될 거야! ,양은진 글 ;류한서 그림,M&K,2019,,9.79119E+12,74810,813.7,363
518,내일은 발명왕 :본격 대결 과학발명 만화,글: 곰돌이 co. ;그림: 홍종현,Mirae N 아이세움,2011,4,9.78894E+12,77400,507.5,362
519,이기적 유전자 :진화론의 새로운 패러다임 ,리처드 도킨스 지음 ;이상임 옮김,을유문화사,2010,,9.78893E+12,3470,491.51,360
519,엉덩이 탐정 :뿡뿡 사라진 도시락 수수께끼! ,트롤 글·그림 ;전경아 옮김,문학수첩리틀북,2018,4,9.78896E+12,77830,833.6,360
519,오전을 사는 이에게 오후도 미래다 :삶을 버티게 하는 가치들 ,이국환 지음,산지니,2019,,9.78897E+12,3810,814.7,360
522,배심원단 ,마이클 코넬리 지음 ;한정아 옮김,RHK(알에이치코리아),2020,,9.78893E+12,3840,843.5,359
522,마법천자문 :손오공의 한자 대탐험,"저자: 스튜디오시리얼,정수영",아울북,2005,20,9.78895E+12,77720,711.4,359
522,고무줄은 내 거야 ,글·그림: 요시타케 신스케 ;옮김: 유문조,위즈덤하우스 미디어그룹,2020,,9.78896E+12,77800,833.6,359
522,발레 하는 할아버지 ,신원미 글 ;박연경 그림,머스트비,2013,,9.789E+12,73810,813.7,359
526,평일도 인생이니까 :김신지 에세이 ,지은이: 김신지,RHK(알에이치코리아),2020,,9.78893E+12,3810,818,358
527,스무고개 탐정 :시즌III,허교범 글 ;고상미 그림,비룡소,2018-2020,10,9.78895E+12,74800,813.7,357
527,(읽으면서 바로 써먹는) 어린이 속담 ,글·그림: 한날,파란정원,2017,,9.79116E+12,73710,388,357
527,"입시설계, 초등부터 시작하라 :서울대 입학사정관이 알려주는 입시 맞춤형 공부법 ",진동섭 지음,포르체,2020,,9.79117E+12,3370,370.911,357
527,언스크립티드 :부의 추월차선 완결판 ,엠제이 드마코 지음 ;안시열 옮김,토트,2018,,9.79119E+12,13320,325.211,357
531,까만 아기 양,엘리자베스 쇼 글·그림;유동환 옮김,푸른그림책,2006,,9.78899E+12,73840,853,356
532,쿠키런 어드벤처 :쿠키들의 신나는 세계여행,글: 송도수 ;그림: 서정은,서울문화사,2014-2020,29,9.78893E+12,67980,980.2,355
532,내일은 발명왕 :본격 대결 과학발명 만화,글: 곰돌이 co. ;그림: 홍종현,Mirae N 아이세움,2011,12,9.78894E+12,77400,507.5,355
532,곰탕 :김영탁 장편소설 ,지은이: 김영탁,Arte(아르테),2018,2,9.78895E+12,4810,813.7,355
532,달샤베트 ,백희나 [저],StoryBowl(스토리보울),2010,,9.789E+12,73810,813.7,355
536,호모 데우스 :미래의 역사 ,지은이: 유발 하라리 ;옮긴이: 김명주,김영사,2017,,9.78893E+12,3900,331.544,354
537,내일은 실험왕 :본격 대결 과학실험 만화,"글: 곰돌이 co. ,그림: 홍종현",미래엔,2011,27,9.78894E+12,77400,400,353
537,나는 화성 탐사 로봇 오퍼튜니티입니다 ,이현 글 ;최경식 그림,만만한책방,2019,,9.79119E+12,77810,558,353
539,소원 떡집 ,김리리 글 ;이승현 그림,비룡소,2020,,9.78895E+12,74800,813.7,351
539,강아지 시험 ,이묘신 글 ;강은옥 그림,해와나무,2019,,9.78896E+12,74800,813.7,351
539,수상한 친구 집 ,박현숙 글 ;장서영 그림,북멘토,2016,,9.78896E+12,73810,813.7,351
539,이상한 엄마 ,백희나,책읽는곰,2016,33,9.79116E+12,77810,813.7,351
539,내일은 발명왕 :본격 대결 과학발명 만화,글: 곰돌이 co. ;그림: 홍종현,Mirae N 아이세움,2011,23,9.79116E+12,77400,507.5,351
539,아이스크림 걸음! ,박종진 씀 ;송선옥 그림,소원나무,2018,,9.79119E+12,74810,813.7,351
545,쿠키런 어드벤처 :쿠키들의 신나는 세계여행,글: 송도수 ;그림: 서정은,서울문화사,2014-2020,22,9.78893E+12,67980,980.2,350
545,쿠키런 어드벤처 :쿠키들의 신나는 세계여행,글: 송도수 ;그림: 서정은,서울문화사,2014-2020,23,9.78893E+12,67980,980.2,350
547,쿠키런 어드벤처 :쿠키들의 신나는 세계여행,글: 송도수 ;그림: 서정은,서울문화사,2014-2020,24,9.78893E+12,67980,980.2,349
547,(코믹 메이플스토리) 수학도둑 :사고력과 이해력을 향상시켜 주는 국내 최초 수학논술만화,글: 송도수 ;서정 엔터테인먼트,서울문화사,2006,30,9.78893E+12,67410,410,349
547,나는 3학년 2반 7번 애벌레 :김원아 동화 ,지은이: 김원아 ;그린이: 이주희,창비,2016,,9.78894E+12,73810,813.7,349
550,(댄 애리얼리) 부의 감각 ,"댄 애리얼리,이경식 옮김",청림출판,2018,,9.78894E+12,3320,327.2,348
550,제법 안온한 날들 :당신에게 건네는 60편의 사랑 이야기 ,남궁인 지음,문학동네,2020,,9.78895E+12,3810,818,348
550,고구마구마 ,지은이: 사이다,반달,2017,,9.78896E+12,77810,813.7,348
550,구해줘 카카오프렌즈 한국사 :큰★별쌤 최태성과 떠나는 한국사 대탐험,"글: 최태성,그림: 도니패밀리",메가스터디,2019,2,9.79113E+12,64910,911,348
550,숨 :테드 창 소설 ,지은이: 테드 창 ;옮긴이: 김상훈,북하우스 퍼블리셔스,2019,,9.79116E+12,3840,843.6,348
550,(잠든 사이 월급 버는) 미국 배당주 투자 :안정된 수익 내는 배당투자의 나침반 ,"지은이: 소수몽키,윤재홍",베가북스,2019,,9.79119E+12,13320,327.856,348
550,(끝없는 집안일을 반으로 줄이는) 하루 10분 꼼수 살림법 ,김영은 지음,청림출판,2020,,9.79119E+12,13590,591,348
550,코로나 투자 전쟁 =전 세계 금융 역사 이래 최대의 유동성 /Money war ,"정채진,최준영 지음",Page2(페이지2북스),2020,,9.7912E+12,3320,327.856,348
558,내일은 실험왕 :본격 대결 과학실험 만화,글: 곰돌이 co. ;그림: 홍종현,대한교과서,2006-2008,1,9.78894E+12,77400,400,347
558,저 청소일 하는데요? :조금 다르게 살아보니 생각보다 행복합니다 ,글·그림: 김예지,21세기북스(북이십일 21세기북스),2019,,9.78895E+12,3810,810,347
558,여자로 살아가는 우리들에게 :요조와 임경선의 교환일기 ,"지은이: 요조,임경선",문학동네,2019,,9.78895E+12,3810,818,347
558,수상한 식당 ,글쓴이: 박현숙 ;그린이: 장서영,북멘토,2017,,9.78896E+12,73810,813.7,347
558,레이튼 미스터리 탐정사무소 :카트리에일의 수수께끼 파일,글: 안치현 ;그림: 팀키즈,미래엔,2019,3,9.79116E+12,77690,813.7,347
558,내일은 실험왕 :본격 대결 과학실험 만화,"글: 곰돌이 co. ,그림: 홍종현",미래엔,2011,49,9.79116E+12,77400,400,347
558,쿠키런 서바이벌 대작전,글: 김강현 ;그림: 김기수,서울문화사,2015,25,9.79116E+12,67400,372.42,347
558,쿠키런 서바이벌 대작전 27 : 로봇의 심장 편,"김강현 (지은이), 김기수 (그림)",서울문화사,2019,27,9.79116E+12,,,347
558,죽고 싶지만 떡볶이는 먹고 싶어 :백세희 에세이,지은이: 백세희,흔,2019,2,9.7912E+12,3810,818,347
567,(코믹 메이플스토리) 수학도둑 :사고력과 이해력을 향상시켜 주는 국내 최초 수학논술만화,글: 송도수 ;서정 엔터테인먼트,서울문화사,2006,20,9.78893E+12,77410,410,346
567,내일은 발명왕 :본격 대결 과학발명 만화,글: 곰돌이 co. ;그림: 홍종현,Mirae N 아이세움,2011,21,9.78894E+12,77400,507.5,346
567,작으면 뭐가 어때서! ,마야 마이어스 글 ;염혜원 그림·옮김,비룡소,2023,,9.78895E+12,77830,843,346
567,엉덩이탐정,트롤 글·그림 ;전경아 옮김,문학수첩리틀북,2020,6,9.78896E+12,77830,833.6,346
567,까만 아기 양,엘리자베스 쇼,푸른그림책,2013,,9.78899E+12,73840,853,346
567,우리 동네에 혹등고래가 산다 ,글: 이혜령 ;그림: 전명진,잇츠북,2019,,9.79119E+12,74810,813.7,346
573,내 멋대로 반려동물 뽑기 ,최은옥 글 ;김무연 그림,김영사,2020,,9.78893E+12,73810,813.7,345
573,그리스 로마 신화,글: 박시연 ;그림: 최우빈,북이십일,2017,5,9.78895E+12,74800,219,345
573,틀리면 어떡해? ,김영진 글·그림,길벗어린이,2019,,9.78896E+12,77810,813.7,345
573,레이튼 미스터리 탐정사무소 :카트리에일의 수수께끼 파일,글: 안치현 ;그림: 팀키즈,미래엔,2019,4,9.79116E+12,77690,813.7,345
573,쿠키런 서바이벌 대작전 26 : 사이보그의 역습 편,"김강현 (지은이), 김기수 (그림)",서울문화사,2019,26,9.79116E+12,,,345
578,창문 넘어 도망친 100세 노인 :요나스 요나손 장편소설 ,지은이: 요나스 요나손 ;옮긴이: 임호경,열린책들,2013,,9.78893E+12,3850,859.7,344
578,수영장 가는 날 =염혜원 그림책 /Saturday is swimming day ,글·그림: 염혜원,창비,2018,,9.78894E+12,77840,813.7,344
578,빨강 연필 :신수현 장편동화 ,글쓴이: 신수현 ;그린이: 김성희,비룡소,2011,71,9.78895E+12,74800,813.7,344
578,(세계사를 한눈에 꿰뚫는) 대단한 지리 ,팀 마샬 지음 ;서남희 옮김,비룡소,2020,,9.78895E+12,73900,980,344
582,왜냐면… ,안녕달 글·그림,책읽는곰,2017,,9.79116E+12,77810,813.7,342
582,(초등학생을 위한) 욕심쟁이 딸기 아저씨 :특별판 ,글·그림: 김유경 ;Hannah Chung,노란돼지,2017,,9.79116E+12,77810,813.7,342
582,윔피 키드,제프 키니 글·그림 ;지혜연 옮김,미래엔,2016,13,9.79116E+12,74840,843,342
585,내일은 실험왕 :본격 대결 과학실험 만화,"글: 곰돌이 co. ,그림: 홍종현",미래엔,2011,22,9.78894E+12,77400,400,341
585,가족의 가족을 뭐라고 부르지? :바르게 부르는 가족 호칭책 ,채인선 글 ;배현주 그림,미세기,2010,,9.78898E+12,74300,332,341
587,신비아파트 한자 귀신 1 - 1001개의 구슬,"김강현 (지은이), 김기수 (그림), 김경익, 박상우 (감수)",서울문화사,2018,1,9.78893E+12,67400,711.4,340
587,쿠키런 어드벤처 :쿠키들의 신나는 세계여행,글: 송도수 ;그림: 서정은,서울문화사,2014-2020,15,9.78893E+12,67980,980.2,340
587,내일은 발명왕 :본격 대결 과학발명 만화,글: 곰돌이 co. ;그림: 홍종현,Mirae N 아이세움,2011,22,9.78894E+12,77400,507.5,340
587,내일은 실험왕 :본격 대결 과학실험 만화,"글: 곰돌이 co. ,그림: 홍종현",미래엔,2011,23,9.78894E+12,77400,400,340
587,(이금이 성장소설)유진과 유진,이금이 지음,푸른책들,2004,,9.78896E+12,3810,813.6,340
587,마흔의 돈 공부 :인생 2막에 다시 시작하는 부자 수업 ,단희쌤 지음,다산북스,2019,,9.79113E+12,3320,327.04,340
587,신비아파트 한자 귀신 5 - 의문의 전학생,"김강현 (지은이), 김기수 (그림), 김경익, 박상우 (감수)",서울문화사,2019,5,9.79116E+12,,,340
594,쿠키런 어드벤처 :쿠키들의 신나는 세계여행,글: 송도수 ;그림: 서정은,서울문화사,2014-2020,26,9.78893E+12,67980,980.2,339
594,쿠키런 어드벤처 :쿠키들의 신나는 세계여행,글: 송도수 ;그림: 서정은,서울문화사,2014-2020,1,9.78893E+12,67980,980.2,339
594,쿠키런 어드벤처 3 : 파리 - 쿠키들의 신나는 세계여행,"송도수 (글), 서정은 (그림)",서울문화사,2014,3,9.78893E+12,67980,980.24,339
594,내일은 발명왕 :본격 대결 과학발명 만화,글: 곰돌이 co. ;그림: 홍종현,Mirae N 아이세움,2011,8,9.78894E+12,77400,507.5,339
594,공부보다 공부그릇 :'진짜공부력'은 가정에서 만들어진다 ,심정섭 지음,더 디퍼런스,2020,,9.79116E+12,3370,598.1,339
599,"그릿 :IQ, 재능, 환경을 뛰어넘는 열정적 끈기의 힘 ",앤절라 더크워스 지음 ;김미정 옮김,비즈니스북스,2016,,9.79119E+12,3190,325.211,338
599,나의 최소 취향 이야기 :내 삶의 균형을 찾아가는 취향 수집 에세이 ,신미경 지음,상상출판,2020,,9.79119E+12,3810,818,338
601,내일은 발명왕 :본격 대결 과학발명 만화,글: 곰돌이 co. ;그림: 홍종현,Mirae N 아이세움,2011,20,9.78894E+12,77400,507.5,337
601,(만화로 보는)그리스 로마 신화,토머스 불핀치 지음;서영 그림,가나출판사,2005,2,9.78896E+12,77840,219,337
601,엄마 심리 수업 :엄마의 무의식이 아이를 키운다 ,윤우상 지음,심플라이프,2019,,9.79119E+12,3180,183.646,337
604,쿠키런 어드벤처 :쿠키들의 신나는 세계여행,글: 송도수 ;그림: 서정은,서울문화사,2014-2020,19,9.78893E+12,67980,980.2,336
604,내일은 발명왕 :본격 대결 과학발명 만화,글: 곰돌이 co. ;그림: 홍종현,Mirae N 아이세움,2011,14,9.78894E+12,77400,507.5,336
604,"여자 둘이 살고 있습니다 :혼자도 결혼도 아닌, 조립식 가족의 탄생 ","지은이: 김하나,황선우",위즈덤하우스,2019,,9.79119E+12,3810,818,336
604,그 집 아들 독서법 :사교육 중심지 대치동에서 '독서'로 살아남은 브릭 독서의 비밀 ,이지연 지음,블루무스,2019,,9.7912E+12,3370,29.4,336
608,조용한 아내 :A.S.A. 해리슨 장편소설 ,지은이: A.S.A. 해리슨 ;옮긴이: 박현주,문학동네,2020,,9.78895E+12,3840,843.6,335
609,(코믹 메이플스토리) 수학도둑 :사고력과 이해력을 향상시켜 주는 국내 최초 수학논술만화,글: 송도수 ;서정 엔터테인먼트,서울문화사,2006,28,9.78893E+12,67410,410,334
609,내일은 실험왕 :본격 대결 과학실험 만화,"글: 곰돌이 co. ,그림: 홍종현",미래엔,2011,20,9.78894E+12,77400,400,334
611,나는 오늘도 경제적 자유를 꿈꾼다 ,청울림 지음,RHK(알에이치코리아),2018,,9.78893E+12,3320,327.87,333
611,(코믹 메이플스토리) 수학도둑 :사고력과 이해력을 향상시켜 주는 국내 최초 수학논술만화,글: 송도수 ;서정 엔터테인먼트,서울문화사,2006,17,9.78893E+12,77810,410,333
611,왕자와 드레스메이커 ,젠 왕 지음 ;김지은 옮김,비룡소,2019,,9.78895E+12,77800,840,333
614,사소한 변화 ,지은이: 히가시노 게이고 ;옮긴이: 권일영,김영사,2019,,9.78893E+12,3830,833.6,332
614,내일은 실험왕 :본격 대결 과학실험 만화,"글: 곰돌이 co. ,그림: 홍종현",미래엔,2011,31,9.78894E+12,77400,400,332
614,내일은 발명왕 :본격 대결 과학발명 만화,글: 곰돌이 co. ;그림: 홍종현,Mirae N 아이세움,2011,15,9.78894E+12,77400,507.5,332
614,스무고개 탐정 :시즌Ⅱ,허교범 글 ;고상미 그림,비룡소,2015-2017,6,9.78895E+12,74800,813.7,332
614,눈물바다 ,서현 글·그림,사계절출판사,2009,,9.78896E+12,77810,813.6,332
614,욕 좀 하는 이유나,류재향 글 ;이덕화 그림,위즈덤하우스,2019,,9.78896E+12,74810,813.7,332
614,손 큰 할머니의 만두 만들기 ,글: 채인선 ;그림: 이억배,재미마주,1998,,9.78899E+12,73810,813.6,332
621,내일은 발명왕 :본격 대결 과학발명 만화,글: 곰돌이 co. ;그림: 홍종현,Mirae N 아이세움,2011,3,9.78894E+12,77400,507.5,331
622,잘못 뽑은 반장 ,이은재 글 ;서영경 그림,김영사,2009,13,9.78893E+12,73810,813.6,330
622,아홉 살 느낌 사전 ,박성우 글 ;김효은 그림,창비,2019,,9.78894E+12,73710,181,330
622,(만화로 보는)그리스 로마 신화,토머스 불핀치 지음;서영 그림,가나출판사,2005,1,9.78896E+12,77840,219,330
622,사랑은 내 시간을 기꺼이 건네주는 것이다 :이기주 앤솔로지 ,지은이: 이기주,황소미디어그룹,2020,,9.79119E+12,3810,818,330
626,쿠키런 어드벤처 :쿠키들의 신나는 세계여행,글: 송도수 ;그림: 서정은,서울문화사,2014-2020,20,9.78893E+12,67980,980.2,329
626,만복이네 떡집 ,김리리 글 ;이승현 그림,비룡소,2010,,9.78895E+12,74800,813.7,329
626,엉덩이 탐정 :뿡뿡 괴도가 나타나다! ,트롤 글·그림 ;전경아 옮김,문학수첩리틀북,2019,5,9.78896E+12,77830,833.6,329
626,미움받을 용기 :사랑과 진정한 자립에 대한 아들러의 가르침,"기시미 이치로,전경아 옮김",인플루엔셜,2016,2,9.79119E+12,3180,189.2,329
626,(환율과 금리로 보는) 앞으로 3년 경제전쟁의 미래 ,오건영 지음,지식노마드,2019,,9.79119E+12,3320,321.97,329
631,말투를 바꿨더니 아이가 공부를 시작합니다 :아이를 서울대에 보낸 부모가 20년간 정리한 공부자극 말습관 ,"정재영,이서진 지음",RHK(알에이치코리아),2020,,9.78893E+12,3590,598.1,328
631,(코믹 메이플스토리) 수학도둑 :사고력과 이해력을 향상시켜 주는 국내 최초 수학논술만화,글: 송도수 ;서정 엔터테인먼트,서울문화사,2006,16,9.78893E+12,77810,410,328
631,쿠키런 어드벤처 4 : 뉴욕 - 쿠키들의 신나는 세계여행,"송도수 (글), 서정은 (그림)",서울문화사,2014,4,9.78893E+12,67980,980.24,328
631,암호클럽,글: 페니 워너 ;윤영,가람어린이,2016,1,9.78899E+12,74840,843,328
635,(코믹 메이플스토리) 수학도둑 :사고력과 이해력을 향상시켜 주는 국내 최초 수학논술만화,글: 송도수 ;서정 엔터테인먼트,서울문화사,2006,19,9.78893E+12,77410,410,327
635,쿠키런 어드벤처 :쿠키들의 신나는 세계여행,글: 송도수 ;그림: 서정은,서울문화사,2014-2020,8,9.78893E+12,67980,980.2,327
635,디디의 우산 :황정은 연작소설 ,지은이: 황정은,창비,2019,,9.78894E+12,3810,813.7,327
635,내일은 발명왕 :본격 대결 과학발명 만화,글: 곰돌이 co. ;그림: 홍종현,Mirae N 아이세움,2011,17,9.78894E+12,77400,507.5,327
635,어쩌다 중학생 같은 걸 하고 있을까 ,쿠로노 신이치 지음 ;장은선 옮김,뜨인돌출판,2012,,9.78896E+12,3830,833.6,327
635,대한민국 부동산 사용설명서 :부동산 절대 기준 빠숑의 특급 가이드 ,김학렬 지음,에프엔미디어,2020,,9.79119E+12,3320,327.87,327
641,쿠키런 서바이벌 대작전,글: 김강현 ;그림: 김기수,서울문화사,2015,1,9.78893E+12,67400,372.42,326
641,(코믹 메이플스토리) 수학도둑 :사고력과 이해력을 향상시켜 주는 국내 최초 수학논술만화,글: 송도수 ;서정 엔터테인먼트,서울문화사,2006,18,9.78893E+12,77410,410,326
641,내일은 발명왕 :본격 대결 과학발명 만화,글: 곰돌이 co. ;그림: 홍종현,Mirae N 아이세움,2011,11,9.78894E+12,77400,507.5,326
644,연금술사,파울로 코엘료 지음;최정수 옮김,문학동네,2001,,9.78898E+12,3860,879,325
645,"곰돌이 푸, 행복한 일은 매일 있어 :곰돌이 푸 원작 ",옮긴이: 정은희,RHK(알에이치코리아),2018,,9.78893E+12,3800,818,324
645,내일은 실험왕 :본격 대결 과학실험 만화,글: 곰돌이 co. ;그림: 홍종현,대한교과서,2006-2008,2,9.78894E+12,77400,400,324
645,내일은 발명왕 :본격 대결 과학발명 만화,글: 곰돌이 co. ;그림: 홍종현,Mirae N 아이세움,2011,10,9.78894E+12,77400,507.5,324
645,이사도라 문,해리엇 먼캐스터 지음 ;심연희 옮김,북이십일,2018,2,9.78895E+12,74840,843,324
645,수상한 우리 반 ,박현숙 글 ;장서영 그림,북멘토,2015,,9.78896E+12,73810,813.7,324
645,용선생 만화 한국사: ,"글: 정상민,주성윤",사회평론,2016-2017,2,9.78896E+12,67900,911,324
645,잔혹한 어머니의 날 ,넬레 노이하우스 지음 ;김진아 옮김,더난콘텐츠그룹,2019,2,9.79116E+12,3850,853,324
652,신비아파트 한자 귀신 3 - 새로운 봉인 카드,"김강현 (지은이), 김기수 (그림), 김경익, 박상우 (감수)",서울문화사,2019,3,9.78893E+12,,,323
652,쿠키런 어드벤처 :쿠키들의 신나는 세계여행,글: 송도수 ;그림: 서정은,서울문화사,2014-2020,2,9.78893E+12,67980,980.2,323
652,걱정 세탁소 :걱정을 세탁해 드립니다! ,홍민정 글 ;김도아 그림,좋은책신사고 좋은책어린이,2020,115,9.78893E+12,74810,813.7,323
652,내일은 실험왕 :본격 대결 과학실험 만화,"글: 곰돌이 co. ,그림: 홍종현",미래엔,2011,24,9.78894E+12,77400,400,323
652,나는 매주 시체를 보러 간다 :서울대학교 최고의 '죽음'강의 ,유성호 지음,21세기북스(북이십일 21세기북스),2019,,9.78895E+12,4300,517.96,323
657,이게 정말 천국일까? ,요시타케 신스케 글·그림 ;고향옥 옮김,김영사,2016,,9.78893E+12,77830,833.6,322
657,복제인간 윤봉구,임은하 글 ;정용환 그림,비룡소,2018,2,9.78895E+12,74800,813.7,322
657,모모,미하엘 엔데 지음;한미희 옮김,비룡소,1999,,9.78895E+12,43850,853,322
657,이사도라 문,해리엇 먼캐스터 지음 ;심연희 옮김,북이십일,2018,1,9.78895E+12,74840,843,322
657,"골든아워 :생과 사의 경계, 중증외상센터의 기록 ",지은이: 이국종,흐름출판,2018,1,9.78897E+12,4810,510.4,322
657,장수탕 선녀님 ,지은이: 백희나,책읽는곰,2012,7,9.78899E+12,77810,813.7,322
657,수학 탐정스,조인하 글 ;조승연 그림,미래엔,2018,1,9.79116E+12,74410,410,322
664,신비아파트 한자 귀신 2 - 저주의 대가,"김강현 (지은이), 김기수 (그림), 김경익, 박상우 (감수)",서울문화사,2019,2,9.78893E+12,67400,711.4,321
664,28 :정유정 장편소설 ,지은이: 정유정,은행나무,2013,,9.78896E+12,3810,813.7,321
664,나는 개다 ,백희나,책읽는곰,2019,56,9.79116E+12,77810,813.7,321
664,(읽으면서 바로 써먹는) 어린이 맞춤법 ,글·그림: 한날,파란정원,2019,,9.79116E+12,73710,711,321
664,쿠키런 서바이벌 대작전 28 : 최후의 생존자 편 - 안전상식 학습만화,"김강현 (지은이), 김기수 (그림)",서울문화사,2019,28,9.79116E+12,,,321
669,쿠키런 어드벤처 :쿠키들의 신나는 세계여행,글: 송도수 ;그림: 서정은,서울문화사,2014-2020,17,9.78893E+12,67980,980.2,320
669,(코믹 메이플스토리) 수학도둑 :사고력과 이해력을 향상시켜 주는 국내 최초 수학논술만화,글: 송도수 ;서정 엔터테인먼트,서울문화사,2006,27,9.78893E+12,67410,410,320
669,쿠키런 어드벤처 6 : 아테네 - 쿠키들의 신나는 세계여행,"송도수 (글), 서정은 (그림)",서울문화사,2014,6,9.78893E+12,67980,980.24,320
669,완득이 :김려령 장편소설 ,김려령,창비,2008,,9.78894E+12,3810,813.6,320
669,내일은 발명왕 :본격 대결 과학발명 만화,글: 곰돌이 co. ;그림: 홍종현,Mirae N 아이세움,2011,18,9.78894E+12,77400,507.5,320
669,윔피 키드,제프 키니 글·그림 ;지혜연 옮김,미래엔,2016,11,9.78894E+12,74840,843,320
669,내일은 발명왕 :본격 대결 과학발명 만화,글: 곰돌이 co. ;그림: 홍종현,Mirae N 아이세움,2011,9,9.78894E+12,77400,507.5,320
669,윔피 키드,제프 키니 글·그림 ;지혜연 옮김,미래엔,2016,12,9.79116E+12,74840,843,320
677,아들 도키오 ,지은이: 히가시노 게이고 ;옮긴이: 문승준,김영사,2020,,9.78893E+12,3830,833.6,319
677,엉덩이 탐정 : 뿡뿡 사라진 과자를 찾아라!,"트롤 (지은이), 전경아 (옮긴이)",문학수첩 리틀북,2015,1,9.78896E+12,77830,833.8,319
677,쿠키런 서바이벌 대작전 24 : 쿠키볼의 비밀 편,"김강현 (지은이), 김기수 (그림)",서울문화사,2019,24,9.79116E+12,67400,372.42,319
677,마법의 방방 :최민지 그림책 ,지은이: 최민지,M창비(미디어창비),2020,,9.79119E+12,77810,813.7,319
681,코믹 메이플 스토리 수학도둑 21 - 국내 최초 수학논술만화,송도수,서울문화사,2011,21,9.78893E+12,77410,410,318
681,정의란 무엇인가 ,저자: 마이클 샌델 ;역자: 이창신,김영사,2010,,9.78893E+12,3330,193,318
681,레이튼 미스터리 탐정사무소 :카트리에일의 수수께끼 파일,글: 안치현 ;그림: 팀키즈,미래엔,2019,8,9.79116E+12,77690,813.7,318
684,쿠키런 세계사,글: 동림스토리 ;그림: 도니패밀리,서울문화사,2018-2020,1,9.78893E+12,67900,909,317
684,아씨방 일곱 동무,이영경 글.그림,비룡소,1998,,9.78895E+12,77810,813.8,317
684,스무고개 탐정 :시즌Ⅱ,허교범 글 ;고상미 그림,비룡소,2015-2017,7,9.78895E+12,74800,813.7,317
684,"총, 균, 쇠 ",재레드 다이아몬드 지음 ;김진준 옮김,문학사상,2013,,9.78897E+12,3900,389,317
684,그대 눈동자에 건배 :히가시노 게이고 소설집 ,지은이: 히가시노 게이고 ;옮긴이: 양윤옥,현대문학,2017,,9.78897E+12,3830,833.6,317
684,지적 대화를 위한 넓고 얕은 지식,채사장 지음,한빛비즈,2014,,9.78899E+12,13100,1.3,317
684,내향 육아 :어느 조용하고 강한 내향적인 엄마의 육아 이야기 ,이연진 지음,위즈덤하우스 미디어그룹,2020,,9.79119E+12,13590,598.1,317
691,부동산 투자로 진짜 인생이 시작됐다 :평범한 전업맘에서 부동산의 여왕이 되기까지 ,앨리스허 지음,RHK(알에이치코리아),2020,,9.78893E+12,3320,327.87,316
691,쿠키런 어드벤처 :쿠키들의 신나는 세계여행,글: 송도수 ;그림: 서정은,서울문화사,2014-2020,5,9.78893E+12,67980,980.2,316
691,(설민석의) 무도 한국사 특강 ,설민석 지음,문학동네,2014,,9.78895E+12,3910,911,316
691,신발 신은 강아지 =A dog wearing shoes ,글·그림: 고상미,위즈덤하우스,2016,,9.78896E+12,77800,813.7,316
691,지적 대화를 위한 넓고 얕은 지식,채사장 지음,한빛비즈,2015,2,9.78899E+12,13100,1.3,316
691,이상한 수학책 :그림으로 이해하는 일상 속 수학 개념들 ,벤 올린 지음 ;김성훈 옮김,북라이프,2020,,9.79119E+12,3410,410,316
691,문어 목욕탕 ,최민지 글·그림,노란상상,2018,,9.79119E+12,77810,813.7,316
698,두근두근 내 인생 :김애란 장편소설 ,지은이: 김애란,창비,2011,,9.78894E+12,3810,813.7,315
698,스무고개 탐정 :시즌III,허교범 글 ;고상미 그림,비룡소,2018-2020,9,9.78895E+12,74800,813.7,315
698,흥쟁이 고두홍 ,이수용 글 ;지문 그림,좋은책어린이,2022,,9.78896E+12,73810,813.7,315
698,(趙廷來 大河小說) 太白山脈,趙廷來,해냄출판사,2007,1,9.78897E+12,4810,813.6,315
702,편지 ,지은이: 히가시노 게이고 ;옮긴이: 권일영,RHK(알에이치코리아),2019,,9.78893E+12,3830,833.6,314
702,쿠키런 어드벤처 :쿠키들의 신나는 세계여행,글: 송도수 ;그림: 서정은,서울문화사,2014-2020,16,9.78893E+12,67980,980.2,314
702,(코믹 메이플스토리) 수학도둑 :사고력과 이해력을 향상시켜 주는 국내 최초 수학논술만화,글: 송도수 ;서정 엔터테인먼트,서울문화사,2006,22,9.78893E+12,77410,410,314
702,유럽도시기행,지은이: 유시민,아름다운사람들,2019,1,9.78897E+12,3900,982.02,314
702,부자의 언어 :어떻게 살아야 부자가 되는지 묻는 아들에게 ,존 소포릭 지음 ;이한이 옮김,윌북,2020,,9.79116E+12,3320,327.04,314
707,고양이 :베르나르 베르베르 장편소설 ,지은이: 베르나르 베르베르 ;옮긴이: 전미연,열린책들,2018,1,9.78893E+12,4860,863,313
707,내일은 실험왕 :본격 대결 과학실험 만화,"글: 곰돌이 co. ,그림: 홍종현",미래엔,2011,25,9.78894E+12,77400,400,313
707,비밀요원 레너드,글: 박설연 ;그림: 김덕영,북이십일,2019,1,9.78895E+12,74810,813.7,313
707,(카카오프렌즈) 과학 탐정단 :미스터리 과학 학습만화,"글: 김승현,그림: 최우빈",대원씨아이,2019-2020,2,9.79114E+12,77400,400,313
711,(코믹 메이플스토리) 수학도둑 :사고력과 이해력을 향상시켜 주는 국내 최초 수학논술만화,글: 송도수 ;서정 엔터테인먼트,서울문화사,2006,23,9.78893E+12,77410,410,312
711,푸른 사자 와니니 :이현 장편동화,지은이: 이현 ;그린이: 오윤화,창비,2015,305,9.78894E+12,73810,813.7,312
713,미등록자 ,지은이: 히가시노 게이고 ;옮긴이: 민경욱,김영사,2018,,9.78893E+12,3830,833.6,311
713,유 미 에브리싱 ,캐서린 아이작 지음 ;노진선 옮김,한국경제신문 한경BP,2020,,9.78895E+12,3840,843.6,311
713,치과 의사 드소토 선생님,윌리엄 스타이그 글 그림;조은수 옮김,비룡소,1995,9,9.78895E+12,77840,843.8,311
713,갈매기에게 나는 법을 가르쳐준 고양이 ,루이스 세뿔베다 지음 ;유왕무 옮김,바다출판사,2015,,9.78896E+12,3870,873,311
713,돈 공부는 처음이라 :0원부터 시작하는 난생처음 부자 수업 ,"김종봉,제갈현열 지음",다산북스,2019,,9.79113E+12,3320,327.04,311
713,엽기 과학자 프래니,글·그림: 짐 벤튼 ;노은정,이퍼블릭,2019,8,9.79116E+12,74840,843,311
713,신비아파트 한자 귀신 6 - 명령의 힘,"김강현 (지은이), 김기수 (그림), 김경익, 박상우 (감수)",서울문화사,2019,6,9.79116E+12,,,311
720,경애의 마음 :김금희 장편소설 ,지은이: 김금희,창비,2018,,9.78894E+12,3810,813.7,310
720,레몬 :권여선 장편소설 ,지은이: 권여선,창비,2019,,9.78894E+12,3810,813.7,310
720,내일은 실험왕 :본격 대결 과학실험 만화,"글: 곰돌이 co. ,그림: 홍종현",미래엔,2011,21,9.78894E+12,77400,400,310
720,(제로니모의) 환상모험,글: 제로니모 스틸턴 ;이승수,이퍼블릭,2008,1,9.78896E+12,74880,883,310
720,지적 대화를 위한 넓고 얕은 지식,채사장 지음,한빛비즈,2014,1,9.78899E+12,13100,1.3,310
720,(매일 흔들리지만 그래도) 나에게 시간을 주기로 했다 :오리여인 에세이 ,지은이: 오리여인,수오서재,2020,,9.79119E+12,3810,818,310
726,강아지 복실이 ,한미호 글 ;김유대 그림,국민서관,2012,,9.78891E+12,77810,813.7,309
726,빨강 연필 :신수현 장편동화 ,글쓴이: 신수현 ;그린이: 김성희,비룡소,2011,,9.78895E+12,74800,813.7,309
726,마력의 태동 :히가시노 게이고 소설 ,지은이: 히가시노 게이고 ;옮긴이: 양윤옥,현대문학,2019,,9.78897E+12,3830,833.6,309
726,나이듦에 관하여 ,루이즈 애런슨 지음 ;최가영 옮김,로크미디어,2020,,9.79114E+12,3330,331.23,309
726,숨바꼭질 :김정선 그림책 ,글·그림: 김정선,사계절,2018,,9.79116E+12,77810,813.7,309
726,좋은지 나쁜지 누가 아는가 ,지은이: 류시화 ;그림: 미로코 마치코,더숲,2019,,9.79119E+12,3810,814.62,309
726,뭔가 특별한 아저씨,진수경 (지은이),천개의바람,2018,,9.79119E+12,77810,813.8,309
733,우리 가족입니다,이혜란 지음,보림출판사,2005,,9.78894E+12,77810,813.6,308
733,코드네임 J =who are you? /Code name J ,강경수 글·그림,시공사,2020,7,9.78895E+12,74810,813.7,308
733,사일런트 페이션트 :알렉스 마이클리디스 장편소설 ,지은이: 알렉스 마이클리디스 ;옮긴이: 남명성,해냄,2019,,9.78897E+12,3840,843.6,308
733,삐약이 엄마 ,지은이: 백희나,스토리보울(StoryBowl),2011,,9.789E+12,77800,813.7,308
733,(읽으면서 바로 써먹는) 어린이 고사성어 ,글·그림: 한날,파란정원,2018,,9.79116E+12,73710,714,308
733,10년 동안 적금밖에 모르던 39세 김 과장은 어떻게 1년 만에 부동산 천재가 됐을까 :5년 만에 자산을 100배 불린 투자고수 렘군의 단기속성 부동산 스쿨 ,김재수 지음,비즈니스북스,2018,,9.79116E+12,3320,327.87,308
733,용선생 처음 한국사 ,글: 사회평론 역사연구소 ;윤효식,사회평론,2019,1,9.79116E+12,77900,911,308
733,(스타강사 사경인 회계사의) 재무제표 모르면 주식투자 절대로 하지마라 ,사경인 지음,베가북스,2016,,9.79119E+12,13320,327.856,308
741,쿠키런 서바이벌 대작전 23 : 차원의 문 편,"김강현 (지은이), 김기수 (그림)",서울문화사,2019,23,9.78893E+12,67400,372.42,307
741,쿠키런 어드벤처 :쿠키들의 신나는 세계여행,글: 송도수 ;그림: 서정은,서울문화사,2014-2020,18,9.78893E+12,67980,980.2,307
741,책과 노니는 집 ,이영서 글 ;김동성 그림,문학동네,2009,,9.78895E+12,73810,813.6,307
744,(코믹 메이플스토리) 수학도둑 :사고력과 이해력을 향상시켜 주는 국내 최초 수학논술만화,글: 송도수 ;서정 엔터테인먼트,서울문화사,2006,29,9.78893E+12,67410,410,306
744,쿠키런 어드벤처 7 : 비엔나 - 쿠키들의 신나는 세계여행,"송도수 (글), 서정은 (그림)",서울문화사,2015,7,9.78893E+12,67980,980.24,306
744,도시는 무엇으로 사는가 :도시를 보는 열다섯 가지 인문적 시선 ,유현준 지음,을유문화사,2015,,9.78893E+12,3540,331.47,306
744,데미안 ,지은이: 헤르만 헤세 ;옮긴이: 전영애,민음사,2000,44,9.78894E+12,4850,853,306
744,내일은 실험왕 :본격 대결 과학실험 만화,"글: 곰돌이 co. ,그림: 홍종현",미래엔,2011,19,9.78894E+12,77400,400,306
744,이사도라 문,해리엇 먼캐스터 지음 ;심연희 옮김,북이십일,2018,6,9.78895E+12,74840,843,306
744,"검사내전 :생활형 검사의 사람 공부, 세상 공부 ",김웅 지음,부·키,2018,,9.78896E+12,3300,367.204,306
744,코딱지 할아버지 ,신순재 글 ;이명애 그림,책읽는곰,2019,,9.79116E+12,77810,813.7,306
744,행복한 늑대 ,엘 에마토크리티코 글 ;박나경 옮김,봄볕,2016,,9.79119E+12,73870,873,306
753,이사도라 문,해리엇 먼캐스터 지음 ;심연희 옮김,북이십일,2018,7,9.78895E+12,74840,843,305
753,트렌드 코리아 2020 :서울대 소비트렌드 분석센터의 2020 전망 ,"지은이: 김난도,권정윤",미래의창,2019,2020,9.78896E+12,13320,320.911,305
753,용선생 만화 한국사: ,"글: 정상민,주성윤",사회평론,2016-2017,3,9.78896E+12,67900,911,305
753,프린들 주세요,앤드루 클레먼츠 지음;양혜원 그림,사계절출판사,2001,2,9.78897E+12,73810,843,305
753,이상한 손님 ,백희나,책읽는곰,2018,47,9.79116E+12,77810,813.7,305
758,쿠키런 어드벤처 :쿠키들의 신나는 세계여행,글: 송도수 ;그림: 서정은,서울문화사,2014-2020,14,9.78893E+12,67980,980.2,304
758,페스트 ,지은이: 알베르 카뮈 ;옮긴이: 김화영,민음사,2011,267,9.78894E+12,4800,863,304
758,윔피 키드,제프 키니 글·그림 ;지혜연 옮김,미래엔,2016,10,9.78894E+12,74840,843,304
758,내일은 실험왕 :본격 대결 과학실험 만화,글: 곰돌이 co. ;그림: 홍종현,대한교과서,2006-2008,8,9.78894E+12,77400,400,304
758,김이나의 작사법 :우리의 감정을 사로잡는 일상의 언어들 ,지은이: 김이나,문학동네,2015,,9.78895E+12,3810,673.511,304
758,구해줘 카카오프렌즈 과학,"글: 박영희,그림: 도니패밀리",메가스터디,2019,1,9.79113E+12,64910,400,304
758,천년의 수업 :나와 세상의 경계를 허무는 9가지 질문 ,지은이: 김헌,다산북스,2020,,9.79113E+12,3100,1.3,304
758,(신비아파트) 한자귀신,글: 김강현 ;그림: 김기수,서울문화사,2019,7,9.79116E+12,67400,711.4,304
758,펑 아저씨 ,글·그림: 김미소진,계수나무,2019,,9.79119E+12,77810,813.7,304
767,잔혹한 어머니의 날 ,넬레 노이하우스 지음 ;김진아 옮김,더난콘텐츠그룹,2019,1,9.79116E+12,3850,853,303
767,쿠키런 어드벤처 :쿠키들의 신나는 세계여행,글: 송도수 ;그림: 서정은,서울문화사,2014-2020,38,9.79116E+12,67980,980.2,303
769,쿠키런 어드벤처 12 : 암스테르담 - 쿠키들의 신나는 세계여행,"송도수 (글), 서정은 (그림)",서울문화사,2015,12,9.78893E+12,67980,980.24,302
769,(하퍼 리) 앵무새 죽이기 :하퍼 리 장편소설 ,지은이: 하퍼 리 ;옮긴이: 김욱동,열린책들,2015,,9.78893E+12,3840,843.5,302
769,바디 :우리 몸 안내서 ,저자: 빌 브라이슨 ;역자: 이한음,까치글방,2020,,9.78897E+12,3400,511.1,302
772,쿠키런 서바이벌 대작전,글: 김강현 ;그림: 김기수,서울문화사,2015,2,9.78893E+12,67400,372.42,301
772,푸른 사자 와니니 :이현 장편동화,지은이: 이현 ;그린이: 오윤화,창비,2015,2,9.78894E+12,73810,813.7,301
772,개미 요정의 선물 :신선미 그림책 ,지은이: 신선미,창비,2020,,9.78894E+12,77810,813.7,301
772,건방이의 건방진 수련기 ,천효정 글 ;강경수 그림,비룡소,2014,1,9.78895E+12,74800,813.7,301
772,"2020 부의 지각변동 :미래가 보내온 7개의 시그널! 무너질 것인가, 기회를 만들 것인가 ",박종훈 지음,21세기북스,2019,,9.78895E+12,3320,321.97,301
772,모스크바의 신사 :에이모 토울스 장편소설 ,지은이: 에이모 토울스 ;옮긴이: 서창렬,현대문학,2018,,9.78897E+12,3840,843.6,301
772,달팽이 학교 =Snail school ,시: 이정록 ;번역: 안선재,풀과바람,2017,,9.78898E+12,77810,811.8,301
772,Who? BTS :K-pop ,글: 강진희 ;그림: 이준희,스튜디오다산,2018,,9.79116E+12,14990,998.6,301
772,연애의 행방 ,히가시노 게이고 지음 ;양윤옥 옮김,소미미디어,2018,,9.79116E+12,3830,833.6,301
772,"공부, 이래도 안되면 포기하세요 :무조건 합격을 부르는 최강의 멘탈 솔루션 ",이지훈 지음,위즈덤하우스 미디어그룹,2020,,9.79119E+12,13190,373.4,301
782,쿠키런 어드벤처 :쿠키들의 신나는 세계여행,글: 송도수 ;그림: 서정은,서울문화사,2014-2020,11,9.78893E+12,67980,980.2,300
782,귀신 감독 탁풍운 ,최주혜 글 ;소윤경 그림,비룡소,2019,,9.78895E+12,74800,813.7,300
782,트렌드 코리아 2020 :서울대 소비트렌드 분석센터의 2020 전망 ,"지은이: 김난도,권정윤",미래의창,2019,,9.78896E+12,13320,320.911,300
782,파리의 아파트 :기욤 뮈소 장편소설 ,지은이: 기욤 뮈소 ;옮긴이: 양영란,밝은세상,2017,,9.78898E+12,3860,863,300
782,윔피 키드,"글, 그림: 제프 키니 ;양진성",푸른날개,2009-2015,4,9.78899E+12,74840,843,300
782,"아무튼, 메모 ",지은이: 정혜윤,위고,2020,,9.79119E+12,2810,818,300
788,(코믹 메이플스토리) 수학도둑 :사고력과 이해력을 향상시켜 주는 국내 최초 수학논술만화,글: 송도수 ;서정 엔터테인먼트,서울문화사,2006,24,9.78893E+12,67410,410,299
788,잘못 뽑은 전교 회장 ,이은재 글 ;신민재 그림,김영사,2020,,9.78893E+12,73810,813.7,299
788,시절과 기분 :김봉곤 소설집 ,지은이: 김봉곤,창비,2020,,9.78894E+12,3810,813.7,299
788,악플 전쟁 :이규희 장편동화 ,지은이: 이규희 ;그린이: 한수진,별숲,2013,,9.789E+12,74810,813.7,299
788,9번의 일 :김혜진 장편소설 ,지은이: 김혜진,한겨레출판,2019,,9.79116E+12,3810,813.7,299
793,"아드님, 진지 드세요 ",강민경 글 ;이영림 그림,좋은책신사고 좋은책어린이,2011,,9.78893E+12,74810,813.7,298
793,안녕 :안녕달 그림책 ,지은이: 안녕달,창비,2018,,9.78894E+12,77810,813.7,298
793,내일은 실험왕 :본격 대결 과학실험 만화,"글: 곰돌이 co. ,그림: 홍종현",미래엔,2011,18,9.78894E+12,77400,400,298
793,도깨비를 빨아 버린 우리 엄마,사토 와키코,한림출판사,1991,,9.78897E+12,77890,833.8,298
793,초등학생을 위한 나의 라임 오렌지나무 (초등용),J. M. 데 바스콘셀로스,동녘주니어,2010,,9.78897E+12,77890,879,298
793,백년 허리 :허리 보증 기간을 100년으로 늘리는 방법 ,지은이: 정선근,사이언스북스,2015,,9.78898E+12,3510,514.325,298
793,(카카오프렌즈) 과학 탐정단 :미스터리 과학 학습만화,"글: 김승현,그림: 최우빈",대원씨아이,2019-2020,3,9.79114E+12,77400,400,298
793,귀찮지만 행복해볼까 :번역가 권남희의 에세이집 ,권남희 지음,상상출판,2020,,9.79119E+12,3810,818,298
801,(코믹 메이플스토리) 수학도둑 :사고력과 이해력을 향상시켜 주는 국내 최초 수학논술만화,글: 송도수 ;서정 엔터테인먼트,서울문화사,2006,26,9.78893E+12,67410,410,297
801,(굴릴수록 눈덩이처럼 불어나는) 마법의 연금 굴리기 ,김성일 지음,에이지21,2019,,9.789E+12,3320,325.358,297
801,"부자 되는 법을 가르쳐 드립니다 :죄책감도, 핑계도, 거짓도 없다. 정말로 효과 있는 6주 프로그램 ",라밋 세티 지음 ;김태훈 옮김,로크미디어,2019,,9.79114E+12,3320,327.04,297
801,바이러스 쇼크 =인류 재앙의 실체 알아야 살아남는다 /Virus shock ,최강석 지음,매경출판,2016,,9.79116E+12,3400,475.54,297
805,"정리하는 뇌 :디지털 시대, 정보와 선택 과부하로 뒤엉킨 머릿속과 일상을 정리하는 기술 ",대니얼 J. 레비틴 지음 ;김성훈 옮김,미래엔,2014,,9.78894E+12,3180,181.3,296
805,(10대를 위한) 정의란 무엇인가 :하버드대 마이클 샌델 교수의 정의 수업 ,마이클 샌델 원저 ;조혜진 그림,미래엔,2014,,9.78894E+12,73300,193,296
805,스무고개 탐정 :시즌Ⅱ,허교범 글 ;고상미 그림,비룡소,2015-2017,8,9.78895E+12,74800,813.7,296
805,(만화로 보는)그리스 로마 신화,토머스 불핀치 지음;서영 그림,가나출판사,2005,3,9.78896E+12,73840,219,296
805,어린이 과학 형사대 CSI,글: 고희정 ;그림: 서용남,가나출판사,2008-2013,1,9.78896E+12,74400,400,296
810,돼지책,앤서니 브라운 글·그림;허은미 옮김,웅진닷컴,2001,1,9.7889E+12,74840,843,295
810,쿠키런 세계사,글: 동림스토리 ;그림: 도니패밀리,서울문화사,2018-2020,2,9.78893E+12,67900,909,295
810,내일은 실험왕 :본격 대결 과학실험 만화,"글: 곰돌이 co. ,그림: 홍종현",미래엔,2011,17,9.78894E+12,77400,400,295
810,가정 통신문 소동 ,송미경 글 ;황K 그림,위즈덤하우스,2017,,9.78896E+12,74810,813.7,295
814,쿠키런 서바이벌 대작전,글: 김강현 ;그림: 김기수,서울문화사,2015,3,9.78893E+12,67400,372.42,294
814,내일은 발명왕 :본격 대결 과학발명 만화,글: 곰돌이 co. ;그림: 홍종현,Mirae N 아이세움,2011,16,9.78894E+12,77400,507.5,294
814,우리는 언제나 다시 만나 ,윤여림 글 ;안녕달 그림,위즈덤하우스 미디어그룹,2017,,9.78896E+12,77800,813.7,294
817,우아한 거짓말 :김려령 장편소설 ,김려령,창비,2009,,9.78894E+12,43810,813.7,293
817,아낌없이 주는 나무,쉘 실버스타인 글/그림;이재명 옮김,시공사,2001,,9.78895E+12,43840,843,293
817,슈퍼 거북 ,유설화 글·그림,책읽는곰,2014,15,9.78899E+12,77810,813.7,293
817,빨강 머리 앤 ,루시 모드 몽고메리 지음 ;박혜원 옮김,더모던,2019,,9.79116E+12,3840,843.5,293
817,너와 함께라면 인생도 여행이다 :나태주 시집 ,지은이: 나태주,열림원,2019,,9.79117E+12,3810,811.62,293
822,코믹 메이플 스토리 수학도둑 25 - 국내 최초 수학논술만화,송도수,서울문화사,2011,25,9.78893E+12,67410,410,292
822,나는 자라요 ,김희경 글 ;염혜원 그림,창비,2016,,9.78894E+12,77810,104,292
822,마법천자문 :손오공의 한자 대탐험,"저자: 스튜디오시리얼,정수영",아울북,2005,19,9.78895E+12,77720,711.4,292
822,익명의 전화 =야쿠마루 가쿠 장편소설 /Anonymous call ,저자: 야쿠마루 가쿠 ;옮긴이: 최재호,북플라자,2020,,9.789E+12,3830,833.6,292
822,쿠키런 세계사,글: 동림스토리 ;그림: 도니패밀리,서울문화사,2018-2020,4,9.79116E+12,67900,909,292
827,쿠키런 서바이벌 대작전 22 : 신들의 도시 편,"김강현 (지은이), 김기수 (그림)",서울문화사,2018,22,9.78893E+12,67400,372.42,291
827,쿠키런 서바이벌 대작전,글: 김강현 ;그림: 김기수,서울문화사,2015,4,9.78893E+12,67400,372.42,291
827,"레기, 내 동생 ",최도영 글 ;이은지 그림,비룡소,2019,,9.78895E+12,74800,813.7,291
827,비밀요원 레너드,글: 박설연 ;그림: 김덕영,북이십일,2019,2,9.78895E+12,74810,813.7,291
827,떨림과 울림 :물리학자 김상욱이 바라본 우주와 세계 그리고 우리 ,김상욱 지음,동아시아,2018,,9.78896E+12,3400,420.04,291
832,쿠키런 어드벤처 :쿠키들의 신나는 세계여행,글: 송도수 ;그림: 서정은,서울문화사,2014-2020,10,9.78893E+12,67980,980.2,290
832,내일은 실험왕 :본격 대결 과학실험 만화,글: 곰돌이 co. ;그림: 홍종현,대한교과서,2006-2008,3,9.78894E+12,77400,400,290
832,감기 걸린 날 ,김동수 글·그림,보림출판사,2008,,9.78894E+12,77810,813.6,290
832,태극기 다는 날 ,김용란 글 ;강지영 그림,한솔교육,2013,,9.78895E+12,74030,999,290
832,여덟 단어 :인생을 대하는 우리의 자세 ,박웅현 지음,북하우스 퍼블리셔스,2013,,9.78896E+12,3810,818,290
832,이상하고 자유로운 할머니가 되고 싶어 :무루의 어른을 위한 그림책 읽기 ,무루 지음,어크로스,2020,,9.79119E+12,3810,818,290
838,이기적 유전자 ,리처드 도킨스 지음 ;이상임 옮김,을유문화사,2018,,9.78893E+12,3470,491.51,289
838,엄마 몰래 ,조성자 글 ;김준영 그림,좋은책 좋은책어린이,2008,3,9.78896E+12,73810,813.6,289
838,윔피 키드,"글, 그림: 제프 키니 ;양진성",푸른날개,2009-2015,8,9.78897E+12,74840,843,289
838,원숭이 오누이 ,글쓴이: 채인선 ;그린이: 배현주,한림출판사,2009,,9.78897E+12,77810,813.6,289
838,"생각의 비밀 =김밥 파는 CEO, 부자의 탄생을 말하다 /Thoughts become things ",김승호 지음,황금사자,2015,,9.789E+12,13320,325.2113,289
838,Who? 손흥민 =Son Heungmin ,글: 강진희 ;그림: 김광일,스튜디오다산,2018,,9.79116E+12,14990,990,289
838,신비아파트 한자 귀신 8 - 혼돈의 도시,"김강현 (지은이), 김기수 (그림), 김경익, 박상우 (감수)",서울문화사,2020,8,9.79116E+12,,,289
845,쿠키런 서바이벌 대작전,글: 김강현 ;그림: 김기수,서울문화사,2015,7,9.78893E+12,67400,372.42,288
845,쿠키런 어드벤처 13 : 시드니 - 쿠키들의 신나는 세계여행,"송도수 (글), 서정은 (그림)",서울문화사,2016,13,9.78893E+12,67980,980.24,288
845,귤의 맛 :조남주 장편소설 ,지은이: 조남주,문학동네,2020,,9.78895E+12,3810,813.7,288
845,환야 1,"히가시노 게이고 (지은이), 김난주 (옮긴이)",재인,2020,1,9.78899E+12,,833.6,288
845,인생의 마지막 순간에서 :죽음과 죽어감에 관한 실질적 조언 ,샐리 티스데일 지음 ;박미경 옮김,로크미디어,2019,,9.79114E+12,3840,844,288
845,(집밥이 편해지는) 명랑쌤 비법 밑반찬 :한 번에 넉넉히 만들어 일주일 편하게 먹기 ,이혜원 지음 ;박형인,레시피팩토리,2020,,9.79119E+12,13590,594.515,288
851,쿠키런 서바이벌 대작전 21 (별똥별 산 편),김강현,서울문화사,2018,21,9.78893E+12,67400,372.42,287
851,쿠키런 어드벤처 :쿠키들의 신나는 세계여행,글: 송도수 ;그림: 서정은,서울문화사,2014-2020,9,9.78893E+12,67980,980.2,287
851,이게 정말 사과일까? ,요시타게 신스케 글·그림 ;고향옥 옮김,김영사,2014,,9.78893E+12,77830,833.6,287
851,내일은 실험왕 :본격 대결 과학실험 만화,글: 곰돌이 co. ;그림: 홍종현,대한교과서,2006-2008,5,9.78894E+12,77400,400,287
851,지각대장 존 ,존 버닝햄 글·그림 ;박상희 옮김,비룡소,1999,6,9.78895E+12,77840,843,287
851,칠판 앞에 나가기 싫어!,다니엘 포세트 글;최윤정 옮김,비룡소,1997,217,9.78895E+12,73860,863,287
851,이사도라 문,해리엇 먼캐스터 지음 ;심연희 옮김,북이십일,2018,3,9.78895E+12,74840,843,287
851,나답게 살고 있습니다 :수짱의 인생 ,마스다 미리 만화 ;박정임 옮김,이봄,2020,,9.79119E+12,7830,830,287
859,책으로 똥을 닦는 돼지 ,최은옥 글 ;오정택 그림,김영사,2015,,9.78893E+12,73810,813.7,286
859,도깨비폰을 개통하시겠습니까? :박하익 장편동화 ,지은이: 박하익 ;그린이: 손지희,창비,2018,292,9.78894E+12,73810,813.7,286
859,내일은 실험왕 :본격 대결 과학실험 만화,글: 곰돌이 co. ;그림: 홍종현,대한교과서,2006-2008,4,9.78894E+12,77400,400,286
859,짜증방 ,글: 소중애 ;그림: 방새미,거북이북스,2014,,9.78897E+12,73810,813.7,286
859,"당신의 삶에 명상이 필요할 때 :오직 '나'다운 답들이 쌓여 있는 곳, 그 유일한 공간을 찾아서 ",앤디 퍼디컴 지음 ;안진환 옮김,Snowfox(스노우폭스북스),2020,,9.79119E+12,3190,189.1,286
864,(흔들리지 않고 끝까지 계속하게 만드는) 루틴의 힘 ,"댄 애리얼리,정지호 옮김",부키,2020,,9.78896E+12,3190,325.211,285
864,내 안에 공룡이 있어요! ,다비드 칼리 글 ;박정연 옮김,진선출판사,2019,,9.78897E+12,74800,863,285
864,자두의 과학일기,캐릭터 원작: 이빈 ;박은자,학산문화사,2016,2,9.79113E+12,74400,400,285
864,(읽으면서 바로 써먹는) 어린이 퀴즈 ,글·그림: 한날,파란정원,2019,,9.79116E+12,73030,31,285
868,쿠키런 서바이벌 대작전,글: 김강현 ;그림: 김기수,서울문화사,2015,8,9.78893E+12,67400,372.42,284
868,꽃을 선물할게 ,글·그림: 강경수,창비,2018,,9.78894E+12,77810,813.7,284
868,핑스 ,이유리 글 ;김미진 그림,비룡소,2018,,9.78895E+12,74800,813.7,284
868,솔이의 추석 이야기 ,글·그림: 이억배,길벗어린이,2011,,9.78899E+12,77810,813.7,284
868,(빨간 내복의) 초능력자,서지원 글 ;이진아 그림,창의와탐구,2012-2014,1,9.78899E+12,73400,400,284
873,내일은 실험왕 :본격 대결 과학실험 만화,글: 곰돌이 co. ;그림: 홍종현,대한교과서,2006-2008,7,9.78894E+12,77400,400,283
873,1일 1짠 돈 습관 :밥 먹듯 저축하는 '작은 부자'들의 재테크 생활 ,"다음짠돌이 카페 슈퍼짠 12인,완소남김머찐님 지음",한경BP,2019,,9.78895E+12,3320,327.04,283
873,마법의 시간여행,메리 폽 어즈번 지음 ;노은정 옮김,비룡소,2002,1,9.78895E+12,73840,843,283
873,애너벨과 신기한 털실 ,맥 바넷 글 ;홍연미 옮김,길벗어린이,2013,,9.78896E+12,77840,843,283
873,(만화로 보는)그리스 로마 신화,토머스 불핀치 지음;서영 그림,가나출판사,2005,4,9.78896E+12,73840,219,283
873,나에게 없는 딱 세 가지 :한중 공동 개발 도서 ,황선미 글 ;양싼싼 그림,위즈덤하우스,2020,,9.79119E+12,73810,813.7,283
879,쿠키런 서바이벌 대작전 20 : 지옥 곤충 편 - 안전상식 학습만화,김강현,서울문화사,2018,20,9.78893E+12,67400,372.42,282
879,쿠키런 서바이벌 대작전,글: 김강현 ;그림: 김기수,서울문화사,2015,11,9.78893E+12,67400,372.42,282
879,쿠키런 서바이벌 대작전,글: 김강현 ;그림: 김기수,서울문화사,2015,12,9.78893E+12,67400,372.42,282
879,"으악, 도깨비다!",손정원 글;유애로 그림,느림보,2002,1,9.78899E+12,77810,813.6,282
879,인사 :김성미 그림책 ,김성미,책읽는곰,2020,,9.79116E+12,77810,813.7,282
884,두근두근 걱정 대장 ,우미옥 글 ;노인경 그림,비룡소,2015,262,9.78895E+12,74800,813.7,281
884,눈먼 자들의 도시,주제 사라마구 지음;정영목 옮김,해냄출판사,2002,,9.78897E+12,3890,879,281
884,"(정재승의) 과학콘서트 :복잡한 세상, 명쾌한 과학 ",정재승 지음,어크로스,2011,,9.789E+12,13500,404,281
884,"오늘부터 딱 1년, 이기적으로 살기로 했다 :1년 열두 달 온전히 나로 살며 깨달은 것들 ",샘 혼 지음 ;이상원 옮김,비즈니스북스,2020,,9.79116E+12,3190,199.1,281
884,용선생의 시끌벅적 과학교실,"글: 사회평론 과학교육연구소,캐릭터: 이우일",사회평론,2019,1,9.79116E+12,73400,408,281
884,쿠키런 세계사,글: 동림스토리 ;그림: 도니패밀리,서울문화사,2018-2020,3,9.79116E+12,67900,909,281
884,미국 배당주 투자지도 ,서승용 지음,진서원,2019,,9.79119E+12,13320,327.856,281
891,쿠키런 서바이벌 대작전 10 : 운석 편 - 안전상식 학습만화,"김강현 (지은이), 김기수 (그림)",서울문화사,2016,10,9.78893E+12,67400,372.42,280
891,불량한 자전거 여행 :김남중 장편동화 ,지은이: 김남중 ;그린이: 허태준,창비,2009,250,9.78894E+12,73810,813.6,280
891,혹부리 영감이 도깨비를 고소했대 ,공수경 글 ;전미화 그림,대교,2019,,9.78894E+12,74800,813.7,280
891,잠중록 :처처칭한 장편소설,지은이: 처처칭한 ;옮긴이: 서미영,Arte(북이십일 아르테),2019,1,9.78895E+12,4820,823.7,280
891,네 기분은 어떤 색깔이니? :최숙희 그림책 ,최숙희,책읽는곰,2023,,9.78899E+12,77810,813.7,280
891,"직장이 없는 시대가 온다 :경제적 자유인가, 아니면 불안한 미래인가 ",지은이: 새라 케슬러 ;옮긴이: 김고명,길벗,2019,,9.79116E+12,3320,321.52,280
897,고양이 :베르나르 베르베르 장편소설 ,지은이: 베르나르 베르베르 ;옮긴이: 전미연,열린책들,2018,2,9.78893E+12,4860,863,279
897,"뉴턴의 아틀리에 :과학과 예술, 두 시선의 다양한 관계 맺기 ","지은이: 김상욱,유지원",민음사,2020,,9.78894E+12,3600,600.04,279
897,내일은 실험왕 :본격 대결 과학실험 만화,글: 곰돌이 co. ;그림: 홍종현,미래엔컬처그룹,2009-2010,15,9.78894E+12,77400,400,279
897,빨강머리 앤이 하는 말 :백영옥 에세이 ,지은이: 백영옥,arte(아르테),2016,,9.78895E+12,3810,814.7,279
897,윔피 키드,"글, 그림: 제프 키니 ;양진성",푸른날개,2009-2015,9,9.78897E+12,74840,843,279
897,(기괴하고 요상한) 귀신딱지,라곰씨 글 ;차차 그림,부즈펌,2019,1,9.79119E+12,74810,813.7,279
903,"사라, 버스를 타다",윌리엄 밀러 글;박찬석 옮김,사계절출판사,2004,,9.78896E+12,77840,843,278
903,뉴 키드 ,제리 크래프트 지음 ;조고은 옮김,푸른책들,2020,,9.78896E+12,77840,840,278
903,혼돈의 시대 리더의 탄생 ,도리스 컨스 굿윈 지음 ;강주헌 옮김,로크미디어,2020,,9.79114E+12,3340,340.99,278
903,덧니가 보고 싶어 :정세랑 장편소설 ,지은이: 정세랑,난다,2019,,9.79119E+12,3810,813.7,278
903,"오십부터는 우아하게 살아야 한다 :말투, 태도, 마음에서 드러나는 진정한 아름다움 ",요시모토 유미 지음 ;김한나 옮김,유노북스,2020,,9.7912E+12,3830,199.6,278
908,(오늘의 일기) 학교 가는 날 ,글: 송언 ;그림: 김동수,보림출판사,2011,,9.78894E+12,77810,816.7,277
908,세상에서 제일 힘센 수탉 ,글쓴이: 이호백 ;그린이: 이억배,재미마주,1997,,9.78899E+12,77810,813.6,277
910,쿠키런 서바이벌 대작전 13 : 신비한 섬 편 - 안전상식 학습만화,"김강현 (지은이), 김기수 (그림)",서울문화사,2017,13,9.78893E+12,67400,372.42,276
910,아홉 살 함께 사전 ,박성우 글 ;김효은 그림,창비,2018,,9.78894E+12,73710,199,276
910,식탁 위의 세계사 ,이영숙 지음,창비,2012,,9.78894E+12,43900,909,276
910,내일은 실험왕 :본격 대결 과학실험 만화,글: 곰돌이 co. ;그림: 홍종현,미래엔컬처그룹,2009-2010,10,9.78894E+12,77400,400,276
910,그레구아르와 책방 할아버지 :마르크 로제 장편소설 ,지은이: 마르크 로제 ;옮긴이: 윤미연,문학동네,2020,,9.78895E+12,3860,863,276
910,뻔뻔한 가족 ,박현숙 글 ;정경아 그림,서유재,2019,,9.79119E+12,73810,813.7,276
916,쿠키런 서바이벌 대작전,글: 김강현 ;그림: 김기수,서울문화사,2015,14,9.78893E+12,67400,372.42,275
916,내일은 실험왕 :본격 대결 과학실험 만화,"글: 곰돌이 co. ,그림: 홍종현",미래엔,2011,16,9.78894E+12,77400,400,275
916,"시선으로부터, :정세랑 장편소설 ",지은이: 정세랑,문학동네,2020,,9.78895E+12,3810,813.7,275
916,침묵의 봄 ,지은이: 레이첼 카슨 ;옮긴이: 김은령,에코리브르,2011,,9.78896E+12,3300,539.9,275
916,리디아의 정원,데이비드 스몰 그림;이복희 옮김,시공사,1998,113,9.78897E+12,77840,843,275
916,부자언니 부자특강 :평범한 월급쟁이 부자되는 공식 ,유수진 지음,세종서적,2015,,9.78898E+12,13320,327.04,275
916,용의자 X의 헌신 ,히가시노 게이고 지음 ;양억관 옮김,재인,2017,,9.78899E+12,3830,833.6,275
916,(허영만의) 3천만원 :왕초보 허영만의 주식투자 도전기,글·그림: 허영만,가디언,2018,1,9.78899E+12,14320,327.856,275
916,수학 탐정스,조인하 글 ;조승연 그림,미래엔,2018,2,9.79116E+12,74410,410,275
916,곰이 강을 따라갔을 때 ,씀: 리처드 T. 모리스 ;옮김: 이상희,소원나무,2020,,9.79117E+12,77840,843,275
926,쿠키런 서바이벌 대작전 5 : 화재 편 - 안전상식 학습만화,"김강현 (글), 김기수 (그림)",서울문화사,2016,5,9.78893E+12,67400,372.42,274
926,시간 가게 ,이나영 글 ;윤정주 그림,문학동네,2013,,9.78895E+12,73810,813.7,274
926,꿀 독에 빠진 여우 ,안선모 지음 ;김미은 그림,푸른책들,2017,,9.78896E+12,74810,813.7,274
926,이노센트 와이프 :에이미 로이드 장편소설 ,지은이: 에이미 로이드 ;옮긴이: 김지선,흐름출판,2020,,9.78897E+12,3840,843.6,274
926,(더 쉽고 더 맛있게) 고단백 저탄수화물 다이어트 레시피 ,박지우 지음,위즈덤하우스 미디어그룹,2019,,9.79119E+12,13590,594.675,274
926,대한민국 부동산 지난 10년 앞으로 10년 :집 사기 전에 꼭 읽어야 할 부동산 정책 사용설명서 ,채상욱 지음,라이프런,2020,,9.7912E+12,3320,321.326,274
932,(신비아파트) 고스트 탐험대 :세계 상징문화 학습만화,글: 임우영 ;오윤미,서울문화사,2017-2018,1,9.78893E+12,67980,909,273
932,잠 :베르나르 베르베르 장편소설,지은이: 베르나르 베르베르 ;옮긴이: 전미연,열린책들,2017,1,9.78893E+12,4860,863,273
932,죽음의 수용소에서,빅터 프랭클 지음;이시형 옮김,청아출판사,2005,,9.78894E+12,3180,186.5,273
932,"움직임의 힘 :운동은 어떻게 행복과 희망, 친밀감과 용기를 찾도록 돕는가 ",켈리 맥고니걸 지음 ;박미경 옮김,로크미디어,2020,,9.79114E+12,3190,517.32,273
932,레몬첼로 도서관 탈출 게임 ,글: 크리스 그라번스타인 ;옮김: 정회성,이퍼블릭,2016,,9.79116E+12,74840,843,273
932,Who? IU :K-pop ,글: 유경원 ;그림: 신영미,다산어린이,2020,,9.79116E+12,14990,998.6,273
938,해리포터와 마법사의 돌,조앤 K. 롤링 지음 ;김혜원 옮김,문학수첩,1999,11,9.78898E+12,4840,843.5,272
938,사람은 어떻게 생각하고 배우고 기억하는가 :하버드 최고의 강의 ,제레드 쿠니 호바스 지음 ;김나연 옮김,토네이도미디어그룹,2020,,9.79116E+12,3190,181.4,272
938,"랩걸 :나무,과학 그리고 사랑 ",지은이: 호프 자런 ;옮긴이: 김희정,Alma(알마 출판사),2017,,9.79116E+12,3400,470.99,272
941,(코믹 메이플스토리) 수학도둑 :사고력과 이해력을 향상시켜 주는 국내 최초 수학논술만화,글: 송도수 ;그림: 서정은,서울문화사,2014,2,9.78893E+12,67410,410,271
941,비행운 :김애란 소설집 ,지은이: 김애란,문학과지성사,2012,,9.78893E+12,3810,813.7,271
941,내일은 실험왕 :본격 대결 과학실험 만화,글: 곰돌이 co. ;그림: 홍종현,대한교과서,2006-2008,9,9.78894E+12,77400,400,271
941,이사도라 문,해리엇 먼캐스터 지음 ;심연희 옮김,북이십일,2018,5,9.78895E+12,74840,843,271
941,세상에서 제일 재밌는 종이접기 :색종이 한 장이면 장난감 뚝딱! ,이원표 지음,슬로래빗,2018,,9.79119E+12,13630,634,271
946,페인트 :이희영 장편소설 ,지은이: 이희영,창비,2019,89,9.78894E+12,43810,813.7,270
946,내일은 실험왕 :본격 대결 과학실험 만화,글: 곰돌이 co. ;그림: 홍종현,미래엔컬처그룹,2009-2010,14,9.78894E+12,77400,400,270
946,복제인간 윤봉구 3 : 첫사랑,"임은하 (지은이), 정용환 (그림)",비룡소,2019,3,9.78895E+12,,,270
946,쥐포스타일 ,김지영 글 ;강경수 그림,비룡소,2015,,9.78895E+12,74800,813.7,270
946,새 차 사는 날 ,김영진 글·그림,길벗어린이,2019,,9.78896E+12,74810,813.7,270
946,살인자의 사랑법 :마이크 오머 장편소설 ,지은이: 마이크 오머 ;옮긴이: 김지선,더난콘텐츠그룹,2020,,9.79116E+12,3840,843.6,270
946,용선생의 시끌벅적 과학교실,"글: 사회평론 과학교육연구소,캐릭터: 이우일",사회평론,2019,2,9.79116E+12,73400,408,270
946,달 샤베트 ,지은이: 백희나,책읽는곰,2014,,9.79119E+12,77810,813.7,270
946,내일의 동물원 ,에릭 바튀 글·그림 ;박철화 옮김,봄볕,2019,,9.79119E+12,77860,863,270
955,(신비아파트) 고스트 탐험대 :세계 상징문화 학습만화,글: 임우영 ;오윤미,서울문화사,2017-2018,2,9.78893E+12,67980,909,269
955,"코믹 메이플 스토리 수학도둑 1 - 국내 최초 수학논술만화, 개정판",송도수,서울문화사,2012,1,9.78893E+12,77810,410,269
955,어린이 과학 형사대 CSI,글: 고희정 ;그림: 서용남,가나출판사,2008-2013,2,9.78896E+12,74400,400,269
955,용선생의 시끌벅적 과학교실,"글: 사회평론 과학교육연구소,캐릭터: 이우일",사회평론,2019,3,9.79116E+12,73400,408,269
955,다다다 다른 별 학교 ,글·그림: 윤진현,천개의바람,2018,,9.79119E+12,77810,813.7,269
960,아이엠★봉준호 :아이들의 미래 설계를 위한 직업 탐구 학습만화 ,글: 스토리박스 ;그림: 최우빈,알에이치코리아,2020,,9.78893E+12,74990,998.6,268
960,쿠키런 서바이벌 대작전 6 : 동굴 편 - 안전상식 학습만화,"김강현 (글), 김기수 (그림)",서울문화사,2016,6,9.78893E+12,67400,372.42,268
960,똥벼락,김회경 글;조혜란 그림,사계절출판사,2001,,9.78897E+12,77850,813.6,268
960,해리포터 :마법사의 돌 ,J.K. 롤링 지음 ;김혜원 옮김,문학수첩,2014,11,9.78898E+12,4840,843.5,268
960,(읽으면서 바로 써먹는) 어린이 관용구 ,글·그림: 한날,파란정원,2018,,9.79116E+12,73710,714,268
965,"초예측 부의 미래 =세계 석학 5인이 들려주는 기술, 자본, 문명의 대전환 /Super forecast wealth economy capitalism ","지은이: 마루야마 ?이치,옮긴이: 신희원",웅진씽크빅,2020,,9.7889E+12,3320,321.97,267
965,쿠키런 서바이벌 대작전 16 : 방사능 편 - 안전상식 학습만화,김강현,서울문화사,2017,16,9.78893E+12,67400,372.42,267
965,운동장 아래 100층 학교,최은옥 글 ;파키나미 그림,김영사,2019,1,9.78893E+12,73810,813.7,267
965,그리스 로마 신화,글: 박시연 ;그림: 최우빈,북이십일,2017,16,9.78895E+12,74800,219,267
965,친구 사귀기 ,김영진 글·그림,길벗어린이,2018,,9.78896E+12,77810,813.7,267
965,무지개 물고기,마르쿠스 피스터 글.그림;공경희 옮김,시공사,1994,30,9.78897E+12,77890,853,267
965,악의 :히가시노 게이고 장편소설 ,히가시노 게이고 [지음] ;양윤옥 옮김,현대문학,2008,,9.78897E+12,3830,833.6,267
965,자두의 과학일기,캐릭터 원작: 이빈 ;박은자,학산문화사,2016,1,9.79113E+12,74400,400,267
965,절제의 기술 :유혹의 시대를 이기는 5가지 삶의 원칙 ,스벤 브링크만 지음 ;강경이 옮김,다산북스,2020,,9.79113E+12,3190,199.1,267
965,쿠키런 서바이벌 대작전 29 : 정령의 경고 편,"김강현 (지은이), 김기수 (그림)",서울문화사,2020,29,9.79116E+12,,,267
965,아름다운 실수 ,코리나 루이켄 지음 ;김세실 옮김,나는별,2018,,9.79119E+12,77840,843,267
976,쿠키런 서바이벌 대작전 15 : 무인도 편 - 안전상식 학습만화,"김강현 (지은이), 김기수 (그림)",서울문화사,2017,15,9.78893E+12,67400,372.42,266
976,쿠키런 서바이벌 대작전,글: 김강현 ;그림: 김기수,서울문화사,2015,18,9.78893E+12,67400,372.42,266
976,(신비아파트) 고스트 탐험대 :세계 상징문화 학습만화,글: 임우영 ;오윤미,서울문화사,2017-2018,3,9.78893E+12,67980,909,266
976,이시원의 영어 대모험 =만화로 시작하는 이시원표 초등영어.English adventure ,글: 박시연 ;그림: 이태영,북이십일,2020,1,9.78895E+12,74740,740,266
976,코드네임 I =Code name I ,강경수 글·그림,시공사,2019,6,9.78895E+12,74810,813.7,266
976,(법륜 스님의) 행복 :행복해지고 싶지만 길을 몰라 헤매는 당신에게 ,법륜 지음 ;최승미 그림,문학동네,2016,,9.78895E+12,3810,199.1,266
976,역사의 역사 =History of writing history ,유시민 지음,돌베개,2018,,9.78897E+12,3900,900,266
976,뼈뼈 사우루스,글·그림: 암모나이트 ;김정화 옮김,미래엔,2018,6,9.79116E+12,74830,833.6,266
976,(아빠와 딸의) 주식 투자 레슨 :가치투자자 아빠에게 워런 버핏과 찰리 멍거의 지혜를 배우다 ,"대니얼 타운,김인정 옮김",에프엔미디어,2020,,9.79119E+12,3320,327.856,266
985,또 잘못 뽑은 반장 ,이은재 글 ;신민재 그림,김영사,2014,,9.78893E+12,73810,813.7,265
985,내일은 실험왕 :본격 대결 과학실험 만화,글: 곰돌이 co. ;그림: 홍종현,대한교과서,2006-2008,6,9.78894E+12,77400,400,265
985,내일은 실험왕 :본격 대결 과학실험 만화,글: 곰돌이 co. ;그림: 홍종현,미래엔컬처그룹,2009-2010,12,9.78894E+12,77400,400,265
985,바꿔! ,박상기 글 ;오영은 그림,비룡소,2018,,9.78895E+12,74800,813.7,265
985,오즈의 의류수거함 :유영민 장편소설 ,지은이: 유영민,자음과모음,2013,,9.78895E+12,43810,813.7,265
985,무기 팔지 마세요!,위기철 지음;이희재 그림,청년사,2002,,9.78897E+12,73810,813.6,265
985,(신비아파트) 교과서+위인 100 :초등 교과서 수록 세계 위인만화,글: 임우영 ;그림: 오윤미,서울문화사,2019,1,9.79116E+12,64990,990,265
992,엄마 사용법 :김성진 동화 ,지은이: 김성진 ;그린이: 김중석,창비,2012,33,9.78894E+12,73810,813.7,264
992,이사도라 문,해리엇 먼캐스터 지음 ;심연희 옮김,북이십일,2018,8,9.78895E+12,74840,843,264
992,용선생 만화 한국사: ,"글: 정상민,주성윤",사회평론,2016-2017,5,9.78896E+12,67900,911,264
992,사춘기 대 갱년기 ,제성은 글 ;이승연 그림,개암나무,2020,,9.78897E+12,73810,813.7,264
992,(趙廷來 大河小說) 太白山脈,趙廷來,해냄출판사,2007,2,9.78897E+12,4810,813.6,264
992,멋진 신세계 ,올더스 헉슬리 지음 ;안정효 옮김,태일소담,2015,,9.78897E+12,3840,843.5,264
992,해리포터와 마법사의 돌,조앤 K. 롤링 지음;김혜원 옮김,문학수첩,1999,12,9.78898E+12,4840,843,264
992,왜 나는 너를 사랑하는가,알랭 드 보통 [지음];정영목 옮김,청미래,2007,,9.78899E+12,3840,843,264
992,에너지 충전 ,박종진 씀 ;송선옥 그림,소원나무,2019,,9.79117E+12,74810,563,264